,user1,user2,user3,user4,user5,user6,user7,user8,user9,user10,user11,user12,user13,user14,user15,user16,user17,user18,user19,user20,user21,user22,user23,user24,user25,user26,user27,user28,user29,user30,user31,user32,user33,user34,user35,user36,user37,user38,user39,user40,user41,user42,user43,user44,user45,user46,user47,user48,user49,user50,user51,user52,user53,user54,user55,user56,user57,user58,user59,user60,user61,user62,user63,user64,user65,user66,user67,user68,user69,user70,user71,user72,user73,user74,user75,user76,user77,user78,user79,user80,user81,user82,user83,user84,user85,user86,user87,user88,user89,user90,user91,user92,user93,user94,user95,user96,user97,user98,user99,user100,user123,
user1,0,2.28083,2.04369,0,3.75541,11.0058,3.98339,1.66429,2.24922,2.99018,25,4.85068,6.33074,25,7.51075,10.6025,3.99341,4.44129,0.855941,6.6067,25,2.11958,8.13078,7.49155,7.95341,7.2273,3.60885,0,9.21316,7.01505,10.7231,9.54147,6.84362,6.17355,6.01754,10.087,8.1605,5.29472,5.39737,3.33015,25,7.03433,3.69403,7.43771,1.57917,7.27961,8.12724,6.45815,7.29293,5.8743,25,1.30923,7.05846,25,3.11122,9.25375,6.20953,3.50603,21.2861,7.18054,25,5.24311,9.10395,24.9085,6.53305,7.81882,2.4314,9.39091,4.94883,7.22563,13.6702,3.24437,6.49648,5.5129,6.04252,12.9138,2.71045,7.07261,5.37246,7.92949,10.1706,3.42783,0.214026,3.96054,2.10358,11.8988,3.55073,1.52023,6.58751,4.12696,15.3683,4.36684,2.54618,8.51767,3.30991,25,4.40076,10.1096,8.15437,5.55107,0
user2,2.28083,0,4.65245,3.50987,2.39361,8.38495,1.54931,25,5.56498,0.588103,6.78784,23.5976,5.0721,5.09718,3.7356,6.43866,1.36746,25,3.71163,1.38905,5.98828,15.5392,5.87416,6.94009,4.21378,8.79894,0,11.4102,5.104,5.66742,5.54667,24.1175,5.44916,6.8513,0,6.08538,7.83191,16.8278,0.944156,2.47295,6.50877,13.3905,9.85131,0,1.68854,25,9.10062,14.1874,2.81669,2.75756,4.48201,15.425,5.51393,4.16475,1.74334,2.18996,5.98426,17.6752,6.75949,2.77502,6.18206,9.14998,3.75417,5.10245,7.27766,5.22131,7.35283,14.825,3.66834,5.27349,5.03528,25,3.68502,2.0006,4.87762,5.99926,25,6.5957,3.63977,6.36821,1.60051,22.4902,2.11776,3.63795,3.45437,4.1747,6.18641,25,4.26161,4.53683,3.87624,25,4.07167,2.61049,0.408936,9.37587,25,2.05635,4.82311,2.67988,0
user3,2.04369,4.65245,0,20.5025,6.36409,2.73165,25,4.57538,1.20803,1.7106,1.69606,2.68819,25,2.84544,1.62867,9.35172,20.6939,0,6.50858,2.99927,0.22942,5.2504,25,5.4461,4.93402,7.69892,16.9785,1.58594,3.68984,1.84292,4.43555,5.80202,19.3988,5.70131,4.48793,7.1277,10.7946,4.88291,1.89688,0,1.68536,4.55293,25,2.40665,6.57836,1.43684,24.2097,0,2.83978,1.66448,8.1526,2.73073,25,3.94605,1.3359,7.25483,25,4.67261,0.537709,6.77312,6.59181,8.31668,12.5032,4.30926,1.08574,1.94199,12.5856,9.69772,7.73237,3.55439,2.28975,5.38271,18.8349,4.53431,5.34199,2.21094,4.66509,17.7518,3.88699,5.13577,0,0.177254,14.03,3.91811,4.49762,4.89986,21.2268,3.66304,2.7134,3.7901,4.02881,0,24.0881,4.85349,0,3.4285,0.206559,25,21.066,0,0
user4,0,3.50987,20.5025,0,1.09968,6.91235,18.5275,1.01166,20.1588,6.29355,2.5005,6.53362,19.4255,8.31236,5.87203,5.71855,5.02046,4.991,10.0335,3.7603,2.72469,7.27658,19.073,17.3656,4.25739,8.89016,6.9601,6.23364,15.7626,3.14983,0,6.55755,3.14977,16.3096,8.17676,5.20807,7.68351,4.23307,18.2468,1.93139,5.02299,6.03567,21.6666,10.0682,5.65923,2.91096,21.4903,5.6738,12.7243,2.33562,5.46156,0,23.2529,17.4948,1.87638,2.49969,19.6448,4.75084,20.2168,7.18235,6.80195,2.46062,3.95648,12.3088,5.93111,3.82324,0,1.20831,18.8234,2.25156,3.56491,3.9708,8.54161,8.56436,6.79666,3.41121,5.08775,10.5298,17.6735,6.27886,5.25593,5.84824,5.68493,18.4793,7.10142,6.89471,0.321119,2.55479,15.8781,1.74029,1.872,3.76799,17.9842,17.8333,2.28556,8.57351,0,23.4569,25,9.50411,0
user5,3.75541,2.39361,6.36409,1.09968,0,1.34454,2.89965,5.52483,3.35753,14.5715,2.72175,6.79234,1.70943,4.90841,23.2683,4.81747,8.42212,9.35113,6.74635,11.374,7.25324,7.47508,2.17963,4.35349,25,7.04163,3.89119,5.36998,4.60304,17.6751,1.14766,0.55359,6.4876,2.86523,19.1052,0,1.51622,3.12981,5.61873,25,0,3.26022,2.57993,4.8257,25,4.6649,9.71092,4.8215,0.823843,11.2149,7.24817,4.34305,4.66775,7.16819,25,4.41914,8.51453,2.94852,7.0083,25,3.7306,9.06763,5.7593,0.653283,25,5.99797,9.11378,2.92814,4.69814,25,3.47889,3.30148,0.620285,5.61343,25,2.6303,4.28426,4.80448,7.56512,25,6.48493,5.93575,6.48062,1.92008,25,3.5624,4.29412,0.318225,3.49321,25,4.29781,9.09236,4.01919,5.4775,25,0.943326,5.16807,3.88365,7.16035,25,0
user6,11.0058,8.38495,2.73165,6.91235,1.34454,0,4.34222,0,5.0147,19.2788,9.60688,6.91879,1.39971,1.94503,0,25,4.21832,4.35139,3.23581,18.8391,9.74178,0,5.67484,3.51573,1.41865,25,5.70746,0.429088,2.68868,9.37629,11.9378,1.51036,6.50536,6.90845,5.38425,25,7.06494,9.43991,6.51317,3.56176,7.59362,6.14653,3.36404,2.3843,4.47334,20.6802,3.55775,1.03494,5.63051,21.033,9.65045,9.53365,5.02417,8.62397,3.09719,25,5.16671,3.54778,8.83126,1.35786,12.488,1.36966,6.1154,2.37468,5.54081,25,7.12245,7.9017,5.87012,5.3277,4.34331,5.04243,7.13415,5.8269,9.09839,7.16253,3.4499,5.44248,0.949001,6.22473,7.96703,2.5376,1.96757,6.00223,6.75289,25,1.63629,3.73881,4.12528,4.96007,25,2.88752,6.34568,0.906805,3.9552,11.9575,4.27015,6.61601,5.03053,5.14078,0
user7,3.98339,1.54931,25,18.5275,2.89965,4.34222,0,9.17159,6.97261,9.17183,2.3546,4.32268,25,5.10623,3.95985,0.910069,19.5406,6.64986,4.10811,7.5918,0,4.94611,25,7.13499,2.36753,0.227879,15.464,5.91556,7.28857,5.94534,4.02058,5.7521,12.2429,5.61852,3.72935,2.19325,11.0661,3.31602,4.5251,8.56027,2.21615,10.9941,25,2.61948,1.9604,5.42278,25,1.85674,3.53612,7.792,0.524405,1.20423,25,2.66438,8.15957,5.09367,25,0,3.12633,0.132455,4.67699,7.91033,21.8897,4.6854,3.26654,9.08886,19.673,4.49262,4.11979,7.02247,5.03513,8.64843,15.9047,9.39594,2.24518,2.52679,3.18463,20.3198,5.74133,0.499931,3.38632,4.53076,10.9135,4.60649,3.87864,8.06982,15.1016,2.98792,5.77375,8.77999,5.0336,5.16535,25,5.5248,3.7264,0.966553,1.79186,22.7698,24.2403,6.41312,0
user8,1.66429,25,4.57538,1.01166,5.52483,0,9.17159,0,2.82435,6.8955,4.9692,25,2.0711,7.58293,3.1355,4.51982,3.86727,25,3.85091,7.05733,7.94685,12.0216,8.01303,6.9686,3.34163,2.56012,2.85714,17.7256,4.6098,5.05271,2.78019,19.1155,3.42401,4.18201,3.35549,3.8866,4.01324,16.1,1.92726,3.76517,1.49783,14.5517,5.10646,1.20081,6.1449,18.3616,5.08404,12.1296,4.03533,7.73169,8.74863,13.8355,5.4642,2.73234,5.20999,4.4774,4.19594,19.7187,7.35139,5.52568,1.76866,11.8371,5.76081,2.8197,0.633903,11.1728,0.730109,15.8676,12.9341,5.58568,4.94358,25,3.1065,6.78909,4.18143,5.24791,25,5.53648,2.64289,4.66236,3.31354,25,4.89407,4.00744,5.81494,4.11662,6.37601,25,1.84986,4.07232,0.93876,25,5.42274,5.02695,7.28381,5.7057,25,3.5351,8.37704,1.79749,0
user9,2.24922,5.56498,1.20803,20.1588,3.35753,5.0147,6.97261,2.82435,0,7.87641,6.62366,4.54401,2.51614,14.7609,2.45474,6.03651,5.61522,5.84166,25,8.2619,2.47701,1.18047,7.87361,25,2.79944,7.13135,2.91268,3.2525,25,6.81487,4.47832,8.50961,5.98165,25,0,2.6043,6.02784,2.63287,25,6.98309,6.58087,1.65555,3.03911,25,8.20806,4.77527,5.99374,8.67443,25,4.02142,6.88323,5.56807,6.01891,13.3692,3.06363,7.89026,4.26133,6.70668,22.5986,6.53315,3.26448,7.84046,0.678177,11.7548,6.83741,2.84176,2.82147,5.41891,25,9.33857,6.18748,1.40309,1.8782,25,7.27152,3.8171,6.42477,4.79032,25,7.31897,6.11368,1.78522,3.07641,25,4.00061,1.59757,6.95919,4.87375,25,3.89053,6.10186,7.88098,5.67749,25,5.59222,2.47504,6.98438,7.23079,12.5596,7.00175,0
user10,2.99018,0.588103,1.7106,6.29355,14.5715,19.2788,9.17183,6.8955,7.87641,0,1.60553,4.48816,1.68191,7.6326,22.391,22.4883,10.1909,7.06779,6.4517,25,6.20855,1.56424,2.30065,8.31291,23.6812,13.4201,2.4922,4.94829,2.17522,9.63543,6.46246,1.66493,2.22271,4.51627,8.24372,21.8884,6.5779,4.37064,2.85229,16.1976,8.16167,8.11229,3.96342,5.04271,19.7271,4.45142,2.87341,5.05408,4.47384,25,4.13646,7.32676,4.62743,5.80109,12.8628,12.8289,0.834932,3.71501,3.56862,15.487,4.23945,0.919492,10.7305,5.58792,14.6945,25,0,5.83088,2.47204,12.0324,3.87225,5.04314,4.76016,1.29487,20.7498,6.05405,3.97923,1.92074,6.7634,18.0264,5.89115,0.144782,3.5564,4.15445,14.4778,25,3.18784,0.0605601,6.97317,15.7498,25,2.88814,9.60277,4.19031,10.9298,3.65766,6.67929,4.53921,3.52257,13.8608,0
user11,25,6.78784,1.69606,2.5005,2.72175,9.60688,2.3546,4.9692,6.62366,1.60553,0,3.89116,2.1447,19.2154,6.56965,10.8009,3.25774,2.21778,6.52269,1.66277,24.637,4.64458,0.779789,5.74348,3.46417,11.5811,3.73056,6.05256,7.04254,2.80494,6.35335,5.13217,3.0062,6.07173,2.44222,8.66129,0,8.78008,0,2.1456,25,7.5964,3.69706,0.566774,6.51352,10.2973,0,5.6971,3.24204,4.98303,25,3.03855,5.99961,19.4531,2.99489,11.3024,4.7893,6.12021,20.4837,6.57704,25,2.16274,3.13824,24.7069,3.82351,9.93743,2.87045,7.47358,5.48929,7.08441,12.4779,3.66447,5.55332,2.70096,6.19504,9.45853,1.56429,5.6577,7.2963,4.56733,15.5489,4.0535,6.84017,4.41004,7.26119,13.8479,2.1051,6.23937,6.04683,5.47096,11.5712,0,3.09647,5.51798,8.73372,25,5.64914,5.77317,5.16988,6.0609,0
user12,4.85068,23.5976,2.68819,6.53362,6.79234,6.91879,4.32268,25,4.54401,4.48816,3.89116,0,1.72562,5.67597,4.64507,4.12392,10.9221,25,5.83279,2.11843,6.55069,15.7927,3.48895,3.58998,3.93463,4.13344,2.2369,14.8784,2.00513,4.28586,4.99881,14.1892,1.09393,4.38437,6.09786,4.49393,3.14441,19.3757,4.16801,1.65477,4.66042,15.2465,0,0.754679,4.47913,19.4577,7.06379,14.7334,4.17237,5.94801,5.75984,14.9824,9.66587,4.51185,5.77978,6.06793,9.22923,18.3317,3.20489,0.655294,0.406454,14.5435,0,4.19412,6.04759,4.01249,3.74118,7.74849,1.40589,6.45632,3.24431,22.3841,8.31549,3.66357,6.22066,2.94317,25,0,1.00105,4.76174,6.24127,25,8.22529,5.48061,3.26611,2.26159,6.19891,25,5.2881,1.78315,3.58582,25,2.79523,4.72863,2.60656,6.49239,25,3.56956,6.01391,2.12199,0
user13,6.33074,5.0721,25,19.4255,1.70943,1.39971,25,2.0711,2.51614,1.68191,2.1447,1.72562,0,3.93387,4.7214,4.27073,11.1015,3.48874,6.0875,3.28597,1.23729,6.34566,25,3.59735,4.12465,6.17938,13.2661,4.27796,2.58175,4.76068,6.78043,1.96868,16.8264,4.2091,0,4.37728,16.0899,8.55392,0,0.825193,0,5.27954,25,3.3587,5.62919,7.43074,25,4.45918,1.94958,0,0,5.68796,25,0,5.00891,7.97869,25,4.28764,8.17823,7.32669,2.38831,5.83662,13.6098,5.91751,0,4.81981,11.0243,2.44582,1.08333,2.53965,3.71127,1.03611,14.5725,5.96962,4.04409,4.39244,4.01164,15.3179,4.49771,6.86667,4.75264,7.30417,16.0847,7.40885,7.63663,3.25415,14.5296,7.3615,5.89203,6.6283,7.48073,3.56286,25,4.85583,3.79563,0,0,25,15.54,6.52843,0
user14,25,5.09718,2.84544,8.31236,4.90841,1.94503,5.10623,7.58293,14.7609,7.6326,19.2154,5.67597,3.93387,0,4.84142,4.55053,1.73713,2.64231,12.1023,0.570237,15.045,3.54078,1.73678,4.23979,6.22988,3.57714,3.24108,1.41011,17.8662,7.16961,3.338,3.31853,2.78369,25,2.43277,4.3976,7.85645,5.5641,13.0929,1.22248,18.8533,5.4141,6.2289,18.696,5.61841,4.09539,2.78826,4.30639,17.0789,7.18612,22.7717,5.60335,7.42899,25,6.80253,8.1685,4.64099,1.57969,25,4.90828,23.5186,6.16583,6.18911,25,9.96523,2.58698,5.57869,4.27792,13.0439,0,5.46078,5.23506,8.55407,10.6242,4.17607,4.64164,5.01373,5.88344,3.90942,0,5.22472,7.56715,7.4265,24.2226,7.65006,6.57583,1.04001,6.02662,25,7.02879,6.75187,6.00753,0.0726959,14.1358,4.37987,20.7675,2.07063,6.81755,13.9028,3.36408,0
user15,7.51075,3.7356,1.62867,5.87203,23.2683,0,3.95985,3.1355,2.45474,22.391,6.56965,4.64507,4.7214,4.84142,0,3.71139,24.5293,5.07221,3.87481,15.0137,4.55598,6.71144,3.40146,5.90615,18.0434,5.55946,21.8323,9.64868,3.98278,25,7.26443,6.62049,22.1787,8.4522,25,4.16452,18.2814,8.73593,5.39149,10.6789,5.18214,7.2696,4.27711,6.58799,14.3439,6.95266,0.838792,2.90376,8.20732,17.4175,3.78713,9.51713,5.70019,4.78326,21.8114,1.51018,3.30445,4.37616,2.73595,13.5439,3.31129,7.66372,25,0,16.0169,6.87001,21.2678,5.08219,6.51057,17.2728,4.06388,2.13896,21.0935,5.48474,14.9693,2.56601,6.57346,20.3952,3.55216,16.3494,7.87152,3.87339,18.3577,6.73702,12.8927,1.36517,25,4.77664,5.97867,21.7695,8.01881,4.44938,7.25253,6.83663,16.806,2.69454,6.02356,4.64288,5.02947,14.3843,0
user16,10.6025,6.43866,9.35172,5.71855,4.81747,25,0.910069,4.51982,6.03651,22.4883,10.8009,4.12392,4.27073,4.55053,3.71139,0,0.658603,5.22323,0,21.9627,13.5666,4.45707,3.46778,1.72407,2.78985,25,5.22501,5.75132,3.30127,0.480958,8.65831,2.22484,5.39901,3.73271,7.33426,25,6.72476,4.10519,3.36857,7.72392,10.2811,4.92551,4.12384,9.7404,5.47531,20.3045,7.47493,6.77094,0.191018,18.8964,11.6498,7.38532,6.18816,10.2194,3.19207,25,1.10654,5.36002,4.85553,0,9.81659,0.930855,3.30073,4.9996,4.95767,25,2.67101,5.23173,4.15091,2.01576,9.77207,2.77132,2.59186,0.513146,0.647042,6.36997,7.79351,1.78828,3.48327,6.90383,10.838,3.325,7.6538,3.10847,6.49994,25,1.61712,1.82804,7.53941,1.18742,25,2.29038,4.07894,7.4959,7.70082,7.86578,4.7113,6.76368,1.00247,4.56747,0
user17,3.99341,1.36746,20.6939,5.02046,8.42212,4.21832,19.5406,3.86727,5.61522,10.1909,3.25774,10.9221,11.1015,1.73713,24.5293,0.658603,0,3.92782,5.70581,5.73305,8.07482,6.10711,13.4934,6.56958,3.22218,3.92843,25,0,5.89882,15.9568,7.22398,7.17869,23.0035,4.86398,20.57,4.63525,25,1.25916,6.3917,2.29344,5.86282,4.51954,10.7754,10.8093,0,5.34318,19.688,0.00719517,6.62329,4.13661,6.41402,6.24975,10.073,1.37832,7.10892,5.37019,16.9306,6.00942,7.15458,4.08781,2.12254,6.38144,25,7.15529,6.4642,4.1542,25,3.78616,1.38373,1.43086,4.65336,5.81371,25,1.89892,4.71211,3.44228,7.33103,25,5.42558,1.71584,6.36647,6.80922,25,4.16405,4.34275,0.61292,25,4.19384,2.88243,0,4.42655,9.89043,12.378,2.46244,9.55254,6.25403,6.79073,13.3187,1.81316,5.22906,0
user18,4.44129,25,0,4.991,9.35113,4.35139,6.64986,25,5.84166,7.06779,2.21778,25,3.48874,2.64231,5.07221,5.22323,3.92782,0,6.10036,7.14692,4.855,21.0999,0.574538,5.55398,4.70433,3.63045,6.37054,17.1089,4.75556,5.5757,3.95636,18.2076,0.66296,0,3.19404,6.06918,4.95008,15.7995,5.23306,8.2656,3.78298,18.344,4.57083,3.72732,2.14698,19.3303,1.79785,14.9315,2.91284,2.63116,4.37567,10.8222,1.56269,6.01921,5.48993,5.44347,4.97562,17.982,7.55441,5.61734,4.60742,12.3241,0.248079,8.73576,1.65835,5.396,4.63069,17.1522,5.08023,6.15661,0.497128,20.8771,2.59357,3.16233,9.33129,5.6164,25,5.21576,0.125731,1.7983,8.68279,24.7886,6.63927,1.13814,3.63381,8.89105,4.58398,23.5928,1.62583,2.35296,4.40748,25,2.85494,2.27847,0.636522,0.0354595,25,5.46625,3.56437,7.51778,0
user19,0.855941,3.71163,6.50858,10.0335,6.74635,3.23581,4.10811,3.85091,25,6.4517,6.52269,5.83279,6.0875,12.1023,3.87481,0,5.70581,6.10036,0,5.38379,1.88878,2.85255,4.37589,25,2.43636,4.41231,5.33429,0.746685,25,5.45734,2.34877,0.712556,2.76568,25,6.18293,2.45543,5.47114,6.77502,25,2.9721,5.84093,3.28156,6.62718,25,7.56043,3.85291,4.0645,3.31235,25,6.387,3.87545,7.69328,7.08074,15.2228,2.50866,3.26363,7.78922,5.13264,20.0523,3.80905,2.02227,10.0089,0,12.6505,5.22008,0.220518,3.72338,7.17423,25,6.80492,8.90559,5.49853,2.01637,25,1.90789,4.65025,5.82083,3.37634,25,3.37868,0.476635,4.49612,4.89491,25,4.98009,0.895091,5.38806,4.13476,25,2.69549,5.75997,9.01027,2.68245,25,5.62375,1.54524,5.84091,5.89167,15.2344,5.69516,0
user20,6.6067,1.38905,2.99927,3.7603,11.374,18.8391,7.5918,7.05733,8.2619,25,1.66277,2.11843,3.28597,0.570237,15.0137,21.9627,5.73305,7.14692,5.38379,0,4.30412,2.94953,2.88703,4.25476,25,21.0795,6.64342,5.83822,4.99568,19.2661,2.54166,3.85917,3.21705,7.6714,7.33299,19.5143,6.42425,4.32141,2.12989,9.9341,2.57281,7.35547,0,4.32622,9.23856,2.97097,5.98117,4.16262,6.16658,25,5.40363,4.06447,5.57199,8.99326,9.21877,22.46,6.75863,6.62496,6.89784,19.9001,5.44654,0,8.43622,5.51253,11.6223,22.8886,7.54401,8.70903,4.83166,9.63119,3.57641,1.08604,9.47164,2.51318,12.2272,2.25541,3.0203,0,5.88893,7.28697,3.73038,3.07929,0.751192,5.11775,22.1935,18.363,5.72146,4.6063,7.15095,22.3795,19.9017,8.12879,0.863945,4.70198,12.0167,5.47096,8.16146,3.59797,2.58005,20.4537,0
user21,25,5.98828,0.22942,2.72469,7.25324,9.74178,0,7.94685,2.47701,6.20855,24.637,6.55069,1.23729,15.045,4.55598,13.5666,8.07482,4.855,1.88878,4.30412,0,9.15414,0.963387,5.23243,4.75613,17.0122,3.91423,2.39048,0.685126,5.68758,13.6181,7.92882,4.21259,8.47209,1.87187,4.36003,5.11075,4.002,0,3.49211,25,1.79135,7.18863,4.78057,5.81979,13.742,7.64265,4.42719,7.81157,6.47718,25,3.84395,6.4914,23.5209,5.41379,11.0062,4.28748,5.04202,25,3.36752,25,2.84684,8.92649,19.6473,0,11.9421,7.41041,5.40124,1.26796,1.00641,12.4349,4.3742,5.26762,4.42499,2.87088,21.5016,4.25438,3.28684,0.327747,2.83972,14.0443,6.30264,0,4.22497,5.14065,12.2021,4.7132,7.12907,3.70388,4.8225,9.24879,3.4842,2.75501,4.38594,4.73799,25,3.00644,4.99403,0.910888,3.74968,20
user22,2.11958,15.5392,5.2504,7.27658,7.47508,0,4.94611,12.0216,1.18047,1.56424,4.64458,15.7927,6.34566,3.54078,6.71144,4.45707,6.10711,21.0999,2.85255,2.94953,9.15414,0,3.07372,2.03712,2.35498,0.156052,9.78472,25,6.00069,2.99901,5.47366,25,1.29479,7.13289,4.7837,6.9187,1.3612,25,1.70082,6.80617,2.18848,25,3.60153,8.49476,4.80105,5.23537,6.93621,25,2.68193,2.30662,3.97323,21.7787,0,5.31972,5.25423,6.11403,0,25,4.38349,1.48684,0.895219,25,3.97502,3.0566,6.98105,7.57137,6.71789,25,4.02061,2.69238,6.27081,19.2467,3.08479,0.72727,2.12344,6.88813,13.9675,1.41674,7.09511,4.64815,1.22205,11.4031,5.15811,5.34949,1.40487,2.1631,4.5513,10.6738,5.48225,5.81066,4.57939,2.93762,5.01355,2.26776,7.34081,0,15.9577,8.07318,2.97325,3.47268,0
user23,8.13078,5.87416,25,19.073,2.17963,5.67484,25,8.01303,7.87361,2.30065,0.779789,3.48895,25,1.73678,3.40146,3.46778,13.4934,0.574538,4.37589,2.88703,0.963387,3.07372,0,7.9867,6.80564,2.87284,16.4854,4.55726,5.34998,0,6.45864,4.43283,22.4487,1.84847,2.44407,4.18506,17.0305,2.31023,5.87155,6.97012,3.25734,5.7891,25,6.06308,1.50946,3.42463,25,2.30583,8.52994,3.35935,0,4.5638,25,10.1105,2.72729,3.1472,25,3.83546,2.96761,0,1.3308,2.84263,17.6514,5.37848,3.76999,2.31299,17.1014,0.27439,2.20945,0,0,3.31203,14.4103,4.16676,6.34346,0,6.04371,13.709,5.31894,3.99145,6.22535,5.23998,17.7704,4.72286,1.33685,1.73737,12.525,2.80739,2.75021,0,3.64329,5.42437,25,4.74762,6.37323,4.74771,1.43599,25,25,6.42353,0
user24,7.49155,6.94009,5.4461,17.3656,4.35349,3.51573,7.13499,6.9686,25,8.31291,5.74348,3.58998,3.59735,4.23979,5.90615,1.72407,6.56958,5.55398,25,4.25476,5.23243,2.03712,7.9867,0,5.03209,4.5007,6.71744,7.86914,25,3.06901,9.00661,2.80079,7.01262,25,2.97585,4.91489,5.09253,7.3912,25,1.14901,4.72184,6.64153,6.38069,25,4.11473,2.93145,0.998051,2.39985,25,3.81977,0,0,0.253053,20.9679,4.62244,3.94108,4.91415,6.85237,17.5459,9.11747,7.68751,9.42878,0,19.0945,8.88708,0.635025,4.99746,8.99166,25,1.8711,1.49453,11.643,6.1942,25,2.60919,8.00629,7.77441,1.61511,25,8.32017,6.91793,8.65999,2.12159,25,5.6946,8.73045,3.29551,2.7794,25,5.53263,4.28988,1.83818,4.18463,25,2.32395,6.95056,8.00877,4.44609,12.4472,2.83889,0
user25,7.95341,4.21378,4.93402,4.25739,25,1.41865,2.36753,3.34163,2.79944,23.6812,3.46417,3.93463,4.12465,6.22988,18.0434,2.78985,3.22218,4.70433,2.43636,25,4.75613,2.35498,6.80564,5.03209,0,3.06369,2.60452,2.16292,3.56219,13.3868,4.74248,6.2869,0.941033,0.508365,15.9872,4.85111,5.42691,3.22593,6.04434,25,2.47957,7.67704,2.08654,5.65674,25,7.55023,4.28003,6.59596,7.65964,13.3001,3.43659,2.69731,9.95589,0.906487,25,5.84413,4.60743,7.53077,6.16133,25,1.43204,7.00916,6.95599,10.6983,25,6.47704,5.12549,0.306293,3.03508,25,3.51594,5.45132,2.01667,2.56966,25,3.62746,3.78706,6.52276,0,25,6.15238,6.39522,0.590186,8.75556,25,6.7702,3.54289,5.65005,5.87654,25,3.16105,2.71139,6.32201,2.86141,25,5.75568,1.87105,5.29917,5.29213,25,0
user26,7.2273,8.79894,7.69892,8.89016,7.04163,25,0.227879,2.56012,7.13135,13.4201,11.5811,4.13344,6.17938,3.57714,5.55946,25,3.92843,3.63045,4.41231,21.0795,17.0122,0.156052,2.87284,4.5007,3.06369,0,5.12171,4.95213,5.61431,4.71385,10.7643,4.38242,9.01943,5.7985,2.82615,25,3.93561,3.63699,9.59327,7.41453,11.3001,4.57408,2.09807,6.47931,7.63207,16.6399,10.1652,2.45294,5.1464,18.3504,11.1315,1.47381,2.42603,7.93478,4.43652,25,5.75026,8.85784,3.49416,10.2139,11.5739,5.50696,3.95283,3.09318,9.05262,25,1.61092,9.42177,3.70274,6.95627,7.74275,6.74617,4.57427,1.20999,5.34542,4.09191,1.77678,3.41956,6.17623,3.93538,12.677,2.95994,2.34022,8.1617,4.13513,25,6.71924,3.42233,4.19403,5.52875,25,1.05193,1.28802,7.66492,7.96415,9.21279,5.05667,1.78903,3.31675,1.42163,0
user27,3.60885,0,16.9785,6.9601,3.89119,5.70746,15.464,2.85714,2.91268,2.4922,3.73056,2.2369,13.2661,3.24108,21.8323,5.22501,25,6.37054,5.33429,6.64342,3.91423,9.78472,16.4854,6.71744,2.60452,5.12171,0,10.0036,5.8069,25,8.45235,1.55324,25,5.26825,23.466,4.84363,25,3.91616,3.98355,6.26283,1.87504,1.55683,23.679,9.05503,4.55694,6.25808,17.4417,4.31234,2.16212,4.77797,0.541264,2.50618,23.8976,6.32636,8.36436,1.78356,19.714,5.13614,3.27516,8.15863,6.82335,1.79984,25,4.9896,4.96504,2.38254,25,8.53018,5.65002,6.79195,3.53495,4.34384,25,1.82747,7.48807,8.05481,0,25,4.29586,5.79827,3.06916,5.8773,23.4533,2.15424,7.11884,4.00876,25,8.93857,8.94452,1.49179,7.15592,5.30833,9.18319,5.82268,5.23071,5.91281,5.97497,14.8414,0.696936,0.880939,0
user28,0,11.4102,1.58594,6.23364,5.36998,0.429088,5.91556,17.7256,3.2525,4.94829,6.05256,14.8784,4.27796,1.41011,9.64868,5.75132,0,17.1089,0.746685,5.83822,2.39048,25,4.55726,7.86914,2.16292,4.95213,10.0036,0,1.78039,1.9467,2.12675,25,5.5428,5.14382,4.96446,4.31531,3.99511,25,2.81189,6.28476,6.77188,25,3.68353,6.95595,8.05294,6.80951,6.32456,25,0.463309,4.84524,5.64764,25,6.46887,1.31028,4.46656,5.42082,5.93448,25,6.47648,5.4312,3.54004,25,1.43688,5.89489,4.13786,3.93256,5.84825,25,1.54625,9.07195,5.51909,20.5319,2.6418,0.96722,4.2363,5.78124,14.275,5.37086,7.52545,4.29066,8.48604,6.18332,8.02632,4.71734,8.91839,4.3359,2.52789,12.154,3.73623,9.9883,0.259489,13.7507,4.84713,5.91464,8.3937,3.7628,23.4024,8.44635,4.89464,5.67699,0
user29,9.21316,5.104,3.68984,15.7626,4.60304,2.68868,7.28857,4.6098,25,2.17522,7.04254,2.00513,2.58175,17.8662,3.98278,3.30127,5.89882,4.75556,25,4.99568,0.685126,6.00069,5.34998,25,3.56219,5.61431,5.8069,1.78039,0,6.94685,5.91153,3.14833,2.99939,25,1.69974,6.75193,1.29404,8.17221,25,5.27782,2.49837,2.84157,10.4303,25,3.14362,9.01313,6.54227,5.17061,25,5.89269,7.06606,6.5699,9.07659,15,4.56493,1.78767,6.34132,4.04973,13.7977,3.25476,6.24494,7.76764,0.67801,16.9425,6.38834,2.70514,2.56365,2.45892,25,6.75027,2.82479,2.72117,6.64509,25,8.47394,4.96453,7.00989,5.31135,25,7.98447,8.24765,2.67761,5.90284,25,6.4358,3.69942,2.69308,3.68513,25,6.52137,3.50861,6.88277,8.89932,25,0.482498,7.08789,5.71007,7.3045,16.401,11.4604,0
user30,7.01505,5.66742,1.84292,3.14983,17.6751,9.37629,5.94534,5.05271,6.81487,9.63543,2.80494,4.28586,4.76068,7.16961,25,0.480958,15.9568,5.5757,5.45734,19.2661,5.68758,2.99901,0,3.06901,13.3868,4.71385,25,1.9467,6.94685,0,5.62985,1.51789,21.8066,5.3061,25,4.64966,25,3.87695,0.451853,16.1449,3.12598,6.88936,4.02217,3.47645,17.0401,0,4.8574,2.10479,0,11.0266,7.82125,6.01266,3.45425,6.4701,17.3787,5.5678,7.27265,7.88565,4.79195,17.598,5.8846,1.77698,17.2286,5.99366,10.8667,5.23387,24.0558,9.2925,9.24666,21.9828,5.11905,4.78972,20.2215,6.64622,20.9703,5.90818,4.30624,18.0214,0.959945,18.4311,6.6798,3.51385,18.6392,4.06983,12.5455,3.67999,25,2.66345,3.75596,9.98185,3.2036,2.26167,2.35548,0,20.4061,6.5915,2.52987,5.74283,5.16598,15.4111,0
user31,10.7231,5.54667,4.43555,0,1.14766,11.9378,4.02058,2.78019,4.47832,6.46246,6.35335,4.99881,6.78043,3.338,7.26443,8.65831,7.22398,3.95636,2.34877,2.54166,13.6181,5.47366,6.45864,9.00661,4.74248,10.7643,8.45235,2.12675,5.91153,5.62985,0,2.1108,9.03759,4.50549,10.1118,13.5958,3.18633,4.66007,5.43208,7.26719,19.1208,5.32692,3.40226,4.75865,3.43735,13.0419,7.78805,4.08708,6.26458,2.60496,14.7301,5.16066,3.99953,4.57608,0.298064,9.63836,2.96849,6.35215,2.60307,3.66582,12.7194,6.85713,2.8061,3.761,3.31079,10.5298,6.41915,2.14591,3.28919,3.22585,25,5.57377,1.92109,0,3.84545,23.4822,5.69587,5.30484,3.62355,2.71426,25,6.03584,5.12891,5.95834,0.879939,12.9483,4.46686,5.62516,8.85374,5.54501,5.25877,3.13977,3.56332,8.03318,0,24.5265,4.72408,6.59982,2.44588,8.25085,20
user32,9.54147,24.1175,5.80202,6.55755,0.55359,1.51036,5.7521,19.1155,8.50961,1.66493,5.13217,14.1892,1.96868,3.31853,6.62049,2.22484,7.17869,18.2076,0.712556,3.85917,7.92882,25,4.43283,2.80079,6.2869,4.38242,1.55324,25,3.14833,1.51789,2.1108,0,8.61451,1.37129,0,6.70014,5.86932,24.3558,2.79732,4.7549,0.316569,25,7.49556,6.29692,2.40555,3.33734,3.40818,24.2747,6.18633,7.57259,5.71733,25,6.42967,8.24439,7.88251,4.71825,5.00706,25,7.56344,3.43124,3.39194,25,6.89687,4.72549,3.87419,4.35175,4.83845,25,5.622,7.23469,1.88374,25,2.46887,7.37319,5.66846,6.16664,16.7389,1.2042,4.59815,4.70548,2.70059,15.4982,0,6.16726,3.3158,3.51299,5.43247,17.3293,5.29452,6.70872,7.48482,25,2.92879,4.60798,9.61296,5.11309,14.0068,4.15301,4.70974,3.81181,0
user33,6.84362,5.44916,19.3988,3.14977,6.4876,6.50536,12.2429,3.42401,5.98165,2.22271,3.0062,1.09393,16.8264,2.78369,22.1787,5.39901,23.0035,0.66296,2.76568,3.21705,4.21259,1.29479,22.4487,7.01262,0.941033,9.01943,25,5.5428,2.99939,21.8066,9.03759,8.61451,0,2.35507,25,4.66378,25,1.21254,5.76941,3.38354,4.48913,6.39043,19.001,3.6327,5.99938,4.9056,25,6.52027,6.14658,2.03333,4.70459,4.50038,18.9102,2.05559,2.33196,2.35887,21.5714,3.40085,6.69154,5.423,5.64753,5.07246,18.0518,3.85581,5.7763,4.85071,25,5.0592,4.46817,0,3.65151,5.95684,25,1.27365,5.12684,5.77358,2.6438,25,2.21594,0,4.66241,2.13487,25,6.53888,9.99835,6.21487,25,3.6438,6.35958,2.58153,5.08664,5.95829,25,6.80647,4.58267,2.21096,7.48114,9.36882,4.60436,2.938,0
user34,6.17355,6.8513,5.70131,16.3096,2.86523,6.90845,5.61852,4.18201,25,4.51627,6.07173,4.38437,4.2091,25,8.4522,3.73271,4.86398,0,25,7.6714,8.47209,7.13289,1.84847,25,0.508365,5.7985,5.26825,5.14382,25,5.3061,4.50549,1.37129,2.35507,0,3.28431,5.90517,1.61326,8.43744,25,6.69587,7.73349,8.63194,6.40483,25,7.63264,2.90507,0.883714,5.77906,25,2.99015,8.28898,3.68035,3.1369,17.3578,8.51341,3.22425,5.68839,3.88037,15.3932,5.75148,2.10189,2.48556,6.84927,20.611,0,7.95985,9.1119,5.81019,23.3595,6.88649,5.26012,10.4407,6.06865,25,4.7811,8.57088,6.22876,1.91876,25,0.14208,6.77354,1.42567,6.69615,25,3.37186,2.00012,7.86547,7.66064,25,3.7181,6.37942,8.4101,3.10845,25,5.30796,4.71982,2.99916,6.37536,15.2931,2.36244,0
user35,6.01754,0,4.48793,8.17676,19.1052,5.38425,3.72935,3.35549,0,8.24372,2.44222,6.09786,0,2.43277,25,7.33426,20.57,3.19404,6.18293,7.33299,1.87187,4.7837,2.44407,2.97585,15.9872,2.82615,23.466,4.96446,1.69974,25,10.1118,0,25,3.28431,0,3.43297,13.2744,7.6232,7.84812,20.9365,5.79454,3.06112,0.313266,0,21.6933,9.04219,7.36315,6.3152,4.9764,17.5349,2.17424,7.11566,2.14005,4.12959,13.9748,0.214941,0.38069,6.6073,5.41249,11.2898,4.1889,3.96374,22.7236,8.05064,21.6151,1.91633,14.9115,6.53519,0.731882,12.7916,5.41986,10.1232,20.032,8.53529,18.62,4.75117,6.97304,21.6664,5.62042,17.8673,3.40798,2.73044,25,6.11883,18.5092,2.49966,18.0736,4.12692,0.493439,18.2352,3.87708,3.47885,3.52466,2.9202,15.6212,4.8311,7.72513,4.97026,1.86095,24.8292,0
user36,10.087,6.08538,7.1277,5.20807,0,25,2.19325,3.8866,2.6043,21.8884,8.66129,4.49393,4.37728,4.3976,4.16452,25,4.63525,6.06918,2.45543,19.5143,4.36003,6.9187,4.18506,4.91489,4.85111,25,4.84363,4.31531,6.75193,4.64966,13.5958,6.70014,4.66378,5.90517,3.43297,0,0.26099,9.91252,3.7036,7.43246,11.1724,8.4316,6.41231,8.36926,4.28379,15.9861,5.91296,4.22948,6.37819,18.397,15.9506,3.10352,6.76292,4.54443,4.32582,25,1.30956,3.07542,4.05664,5.23795,6.06692,2.80744,3.44826,2.39811,5.14858,25,3.66664,2.89099,4.09282,2.30121,16.433,8.16662,6.79125,6.28277,3.04561,10.8141,5.68965,3.30139,2.92628,7.34415,7.15929,6.59309,7.26778,2.98924,0.842285,22.5767,5.91118,5.33487,4.17326,3.49009,25,4.15725,3.23701,5.49618,5.50349,13.1007,8.46696,5.09409,0,7.14909,0
user37,8.1605,7.83191,10.7946,7.68351,1.51622,7.06494,11.0661,4.01324,6.02784,6.5779,0,3.14441,16.0899,7.85645,18.2814,6.72476,25,4.95008,5.47114,6.42425,5.11075,1.3612,17.0305,5.09253,5.42691,3.93561,25,3.99511,1.29404,25,3.18633,5.86932,25,1.61326,13.2744,0.26099,0,1.58543,7.46031,3.83562,4.06529,8.81907,14.4296,1.79237,2.33397,3.36671,17.4733,3.39404,4.73107,8.94488,9.34735,5.86254,13.6118,3.32191,1.52935,10.868,15.3856,3.20128,5.55606,1.82302,4.81546,3.76478,25,4.17337,4.4655,6.02612,25,5.75656,6.01472,2.09821,6.5838,3.70826,25,3.32287,2.78997,5.06424,0.845651,25,15.2007,4.37872,4.66224,6.44368,25,5.23823,5.99879,6.2016,25,4.75163,4.3117,2.88382,2.73303,6.81189,16.0282,4.48389,3.22519,1.63625,6.41638,12.3462,0.983381,0.781265,0
user38,5.29472,16.8278,4.88291,4.23307,3.12981,9.43991,3.31602,16.1,2.63287,4.37064,8.78008,19.3757,8.55392,5.5641,8.73593,4.10519,1.25916,15.7995,6.77502,4.32141,4.002,25,2.31023,7.3912,3.22593,3.63699,3.91616,25,8.17221,3.87695,4.66007,24.3558,1.21254,8.43744,7.6232,9.91252,1.58543,0,6.83019,4.98465,1.57713,25,1.31791,4.9114,5.11103,6.57536,4.30236,25,4.29442,7.29829,6.56092,25,1.02561,3.63789,7.50073,2.27827,2.98468,25,8.8207,5.50521,2.49646,25,3.36865,4.56815,3.79341,0.192639,4.01827,25,5.74472,1.70879,6.05347,20.0029,7.76946,7.74884,7.04697,0,24.2979,5.9825,5.79843,3.68129,4.74317,11.7905,7.68979,2.99506,3.48139,3.42151,5.7628,6.22043,6.18833,3.21966,3.42487,19.1012,8.06816,9.45147,4.70913,0.762554,16.5611,3.85497,7.33354,6.14162,0
user39,5.39737,0.944156,1.89688,18.2468,5.61873,6.51317,4.5251,1.92726,25,2.85229,0,4.16801,0,13.0929,5.39149,3.36857,6.3917,5.23306,25,2.12989,0,1.70082,5.87155,25,6.04434,9.59327,3.98355,2.81189,25,0.451853,5.43208,2.79732,5.76941,25,7.84812,3.7036,7.46031,6.83019,0,2.14539,2.09862,0.914724,6.24812,25,6.11589,5.30142,3.10137,9.00259,25,5.27811,5.02561,3.96976,9.97266,8.90403,7.09877,5.48289,4.33986,3.28273,22.198,7.62265,6.61433,4.75646,7.77614,10.1904,5.01987,3.19725,3.43689,4.62288,25,8.28432,3.43677,0.149081,0,25,2.62513,4.99607,5.90477,6.85858,25,1.50348,3.63656,3.84784,5.77119,25,1.49563,3.68316,5.48135,3.5234,25,0.545142,1.46238,3.34669,3.90174,25,5.12594,1.70351,6.78689,7.59249,18.7137,3.45717,0
user40,3.33015,2.47295,0,1.93139,25,3.56176,8.56027,3.76517,6.98309,16.1976,2.1456,1.65477,0.825193,1.22248,10.6789,7.72392,2.29344,8.2656,2.9721,9.9341,3.49211,6.80617,6.97012,1.14901,25,7.41453,6.26283,6.28476,5.27782,16.1449,7.26719,4.7549,3.38354,6.69587,20.9365,7.43246,3.83562,4.98465,2.14539,0,1.34795,6.88484,5.75917,5.3094,25,6.5384,5.03966,2.11521,5.94538,13.601,7.04852,1.96002,1.72036,3.21969,25,4.31815,6.80318,4.29637,6.1889,24.948,2.65719,5.06318,6.01413,5.39782,25,4.81824,1.10778,4.49887,2.98574,25,3.85224,5.16014,3.08904,5.49629,25,5.69938,3.60802,2.52321,4.29448,23.1838,4.30211,8.61775,4.95539,3.20797,25,6.28989,4.7676,12.7054,1.88775,25,4.14803,5.58982,12.9531,5.10907,25,10.4072,4.84577,5.25634,5.71082,23.9202,0
user41,25,6.50877,1.68536,5.02299,0,7.59362,2.21615,1.49783,6.58087,8.16167,25,4.66042,0,18.8533,5.18214,10.2811,5.86282,3.78298,5.84093,2.57281,25,2.18848,3.25734,4.72184,2.47957,11.3001,1.87504,6.77188,2.49837,3.12598,19.1208,0.316569,4.48913,7.73349,5.79454,11.1724,4.06529,1.57713,2.09862,1.34795,0,3.69895,0,2.39947,1.8226,12.9716,8.17537,1.17513,0.704625,8.03824,25,8.09273,7.10606,23.9578,2.3148,11.6244,3.32084,2.0118,24.6534,0.0180378,25,4.44773,9.10145,19.4536,4.08258,5.35173,5.35524,6.79249,3.49934,7.67712,18.5926,8.67366,9.92849,1.96281,4.07925,19.2908,8.29019,1.07125,0.407127,1.28336,12.2853,0,5.06116,7.11506,5.33189,14.9501,2.7727,3.95323,2.84909,1.12483,14.2198,6.04673,9.05606,4.17629,5.19959,25,6.73052,2.7925,2.62909,3.8777,0
user42,7.03433,13.3905,4.55293,6.03567,3.26022,6.14653,10.9941,14.5517,1.65555,8.11229,7.5964,15.2465,5.27954,5.4141,7.2696,4.92551,4.51954,18.344,3.28156,7.35547,1.79135,25,5.7891,6.64153,7.67704,4.57408,1.55683,25,2.84157,6.88936,5.32692,25,6.39043,8.63194,3.06112,8.4316,8.81907,25,0.914724,6.88484,3.69895,0,7.26241,3.80924,3.50511,4.05997,6.2101,25,5.53695,0,0.925743,25,0.802597,5.59992,4.21974,7.35168,0,25,4.9122,6.29654,3.7683,25,3.65667,7.17459,4.93587,8.48281,6.85418,25,7.01713,5.05776,4.73914,12.0131,2.82094,3.93373,0,10.977,24.2055,0.515242,5.09244,0,2.64111,19.8535,3.4574,3.15167,5.13947,6.26934,2.03478,11.8211,4.19474,4.76383,4.6579,7.61994,2.96295,0,5.40824,5.7014,15.8683,4.40499,5.8457,7.52568,0
user43,3.69403,9.85131,25,21.6666,2.57993,3.36404,25,5.10646,3.03911,3.96342,3.69706,0,25,6.2289,4.27711,4.12384,10.7754,4.57083,6.62718,0,7.18863,3.60153,25,6.38069,2.08654,2.09807,23.679,3.68353,10.4303,4.02217,3.40226,7.49556,19.001,6.40483,0.313266,6.41231,14.4296,1.31791,6.24812,5.75917,0,7.26241,0,11.4569,3.05592,2.07112,25,5.84056,2.11904,6.57813,0.260154,4.34512,25,0,0,4.24081,19.9377,9.14703,3.83529,7.83527,6.9784,0.876567,9.24475,4.72921,5.59639,0.722413,19.5276,1.06847,0.519185,4.92754,5.68701,3.51571,8.37997,4.44501,5.02135,2.95116,4.41463,20.2152,6.72209,5.65846,3.17179,5.22004,12.6863,1.66912,4.2596,9.40277,14.4001,3.03871,5.21971,8.41758,2.95857,0,25,2.64285,6.85607,5.89964,3.37642,25,22.3033,2.96314,0
user44,7.43771,0,2.40665,10.0682,4.8257,2.3843,2.61948,1.20081,25,5.04271,0.566774,0.754679,3.3587,18.696,6.58799,9.7404,10.8093,3.72732,25,4.32622,4.78057,8.49476,6.06308,25,5.65674,6.47931,9.05503,6.95595,25,3.47645,4.75865,6.29692,3.6327,25,0,8.36926,1.79237,4.9114,25,5.3094,2.39947,3.80924,11.4569,0,8.79428,3.24972,2.46258,6.54949,25,6.14422,3.10424,3.92308,10.5304,18.3438,8.6038,5.96845,6.47233,10.1969,14.3327,4.30521,4.21134,5.74812,7.62445,17.4661,1.99203,2.76112,3.42389,3.73976,25,4.84786,3.55861,4.83563,5.31274,25,3.05294,2.5549,3.42688,0,25,4.93878,4.65903,3.18083,3.88272,25,7.75596,2.47055,6.19874,1.23133,25,6.38474,0.631929,3.24352,3.73848,25,1.34215,5.42717,5.20247,7.25231,12.6177,3.0885,0
user45,1.57917,1.68854,6.57836,5.65923,25,4.47334,1.9604,6.1449,8.20806,19.7271,6.51352,4.47913,5.62919,5.61841,14.3439,5.47531,0,2.14698,7.56043,9.23856,5.81979,4.80105,1.50946,4.11473,25,7.63207,4.55694,8.05294,3.14362,17.0401,3.43735,2.40555,5.99938,7.63264,21.6933,4.28379,2.33397,5.11103,6.11589,25,1.8226,3.50511,3.05592,8.79428,0,6.08047,4.08858,5.03524,2.03131,18.2275,2.79652,4.97284,0.764806,0.426348,25,3.2808,1.80481,5.64829,5.56295,25,3.38707,2.25248,0.68508,4.86595,25,4.26369,0.717137,9.34319,7.96967,25,9.35374,4.91491,4.31704,5.95461,25,0.338755,2.74598,7.80628,5.93027,22.6925,9.74674,6.96304,6.35067,1.76874,25,4.94316,1.43627,8.83108,3.65204,25,3.07312,2.78472,2.81269,2.61775,25,5.28252,6.83157,3.72619,3.37041,25,0
user46,7.27961,25,1.43684,2.91096,4.6649,20.6802,5.42278,18.3616,4.77527,4.45142,10.2973,19.4577,7.43074,4.09539,6.95266,20.3045,5.34318,19.3303,3.85291,2.97097,13.742,5.23537,3.42463,2.93145,7.55023,16.6399,6.25808,6.80951,9.01313,0,13.0419,3.33734,4.9056,2.90507,9.04219,15.9861,3.36671,6.57536,5.30142,6.5384,12.9716,4.05997,2.07112,3.24972,6.08047,0,1.7537,9.03018,5.15746,7.48212,9.66634,2.76481,4.30333,7.992,5.9754,16.1235,2.93877,3.6655,5.35976,10.8431,9.47938,2.45119,2.6905,7.92968,4.73121,13.7235,2.2779,2.92168,7.17992,4.28088,18.6712,22.0342,9.88084,4.44965,4.14374,8.49322,21.4362,3.32881,3.72743,3.86917,4.79592,24.5263,5.62852,5.42609,4.92894,13.7383,6.97484,25,7.72048,6.06986,9.99261,25,1.18034,0,5.97904,10.5504,18.3459,5.10229,7.76186,5.51593,0
user47,8.12724,9.10062,24.2097,21.4903,9.71092,3.55775,25,5.08404,5.99374,2.87341,0,7.06379,25,2.78826,0.838792,7.47493,19.688,1.79785,4.0645,5.98117,7.64265,6.93621,25,0.998051,4.28003,10.1652,17.4417,6.32456,6.54227,4.8574,7.78805,3.40818,25,0.883714,7.36315,5.91296,17.4733,4.30236,3.10137,5.03966,8.17537,6.2101,25,2.46258,4.08858,1.7537,0,2.12803,5.98559,5.93256,5.81296,4.0293,25,4.84632,8.81315,3.97272,25,1.55258,2.94034,6.34189,0.118239,5.02267,15.9082,2.92264,8.6682,7.5045,22.6904,4.30497,4.59116,7.25692,5.41411,3.00664,21.4826,3.54111,7.60432,0,5.81478,15.8385,7.15484,0,6.13173,5.02944,16.5811,3.73963,4.67028,8.37144,16.4806,4.07862,8.2459,5.78198,8.71515,8.54808,25,3.34118,3.33762,2.96356,8.85975,25,22.7987,6.93315,0
user48,6.45815,14.1874,0,5.6738,4.8215,1.03494,1.85674,12.1296,8.67443,5.05408,5.6971,14.7334,4.45918,4.30639,2.90376,6.77094,0.00719517,14.9315,3.31235,4.16262,4.42719,25,2.30583,2.39985,6.59596,2.45294,4.31234,25,5.17061,2.10479,4.08708,24.2747,6.52027,5.77906,6.3152,4.22948,3.39404,25,9.00259,2.11521,1.17513,25,5.84056,6.54949,5.03524,9.03018,2.12803,0,6.67184,3.79587,9.10679,25,12.0142,7.15938,0.557097,0.300032,4.74674,25,3.97939,4.41808,5.26201,25,3.84294,3.16503,5.00251,4.11171,11.5906,25,5.4092,10.0271,4.03829,9.78059,6.48559,5.46061,6.99464,5.01651,15.2929,4.17519,3.05925,4.23261,4.0411,15.4764,2.1454,6.88795,1.38021,2.43082,5.42753,15.3408,5.52317,7.43305,5.57736,14.0213,4.16895,9.03128,5.71104,5.34479,2.01483,7.92073,2.06524,4.48634,0
user49,7.29293,2.81669,2.83978,12.7243,0.823843,5.63051,3.53612,4.03533,25,4.47384,3.24204,4.17237,1.94958,17.0789,8.20732,0.191018,6.62329,2.91284,25,6.16658,7.81157,2.68193,8.52994,25,7.65964,5.1464,2.16212,0.463309,25,0,6.26458,6.18633,6.14658,25,4.9764,6.37819,4.73107,4.29442,25,5.94538,0.704625,5.53695,2.11904,25,2.03131,5.15746,5.98559,6.67184,0,8.09785,2.8161,4.50831,2.69291,15.7536,5.08323,5.30432,5.20928,4.44743,17.8423,4.91182,4.2217,5.0828,9.8631,13.748,8.92416,9.339,5.20342,8.33462,25,3.80644,2.93396,8.44356,9.40351,25,8.21031,5.13948,4.4557,7.14506,23.7924,4.19164,4.60142,3.10542,7.32963,25,6.01773,7.57447,4.40986,5.33096,25,1.52718,8.16156,8.92635,5.63253,25,3.49001,0,7.67244,1.46735,16.2636,3.94361,0
user50,5.8743,2.75756,1.66448,2.33562,11.2149,21.033,7.792,7.73169,4.02142,25,4.98303,5.94801,0,7.18612,17.4175,18.8964,4.13661,2.63116,6.387,25,6.47718,2.30662,3.35935,3.81977,13.3001,18.3504,4.77797,4.84524,5.89269,11.0266,2.60496,7.57259,2.03333,2.99015,17.5349,18.397,8.94488,7.29829,5.27811,13.601,8.03824,0,6.57813,6.14422,18.2275,7.48212,5.93256,3.79587,8.09785,0,4.15154,3.57626,5.06758,7.59094,20.4028,22.4551,0.923757,2.20275,4.50449,18.4999,4.00415,4.05591,8.04939,11.9997,5.8935,23.7937,3.80494,3.69134,3.72997,22.3776,6.63394,5.22117,3.9828,3.88995,12.9095,4.2358,5.96237,8.5213,4.44493,7.4905,4.62661,8.21527,4.88865,5.73163,15.1963,23.0455,5.90782,3.04947,3.87961,21.4674,17.93,5.22009,7.6805,3.14935,16.0167,5.76544,3.04529,1.81345,5.78538,14.9903,0
user51,25,4.48201,8.1526,5.46156,7.24817,9.65045,0.524405,8.74863,6.88323,4.13646,25,5.75984,0,22.7717,3.78713,11.6498,6.41402,4.37567,3.87545,5.40363,25,3.97323,0,0,3.43659,11.1315,0.541264,5.64764,7.06606,7.82125,14.7301,5.71733,4.70459,8.28898,2.17424,15.9506,9.34735,6.56092,5.02561,7.04852,25,0.925743,0.260154,3.10424,2.79652,9.66634,5.81296,9.10679,2.8161,4.15154,0,2.60679,2.11711,21.8412,3.61439,13.5653,9.42743,5.27101,22.5807,4.45968,25,1.68368,2.98615,21.0525,0,10.3454,0,0.610512,6.555,8.55656,12.14,3.64565,1.18381,3.85657,4.55687,14.442,4.77928,8.12981,1.09464,4.73573,17.1984,7.50547,7.66828,6.7856,3.27672,10.3661,3.31567,4.44928,7.91716,2.49956,15.8254,5.92315,5.18942,7.04842,6.91611,25,4.4174,4.19755,6.3737,3.27268,0
user52,1.30923,15.425,2.73073,0,4.34305,9.53365,1.20423,13.8355,5.56807,7.32676,3.03855,14.9824,5.68796,5.60335,9.51713,7.38532,6.24975,10.8222,7.69328,4.06447,3.84395,21.7787,4.5638,0,2.69731,1.47381,2.50618,25,6.5699,6.01266,5.16066,25,4.50038,3.68035,7.11566,3.10352,5.86254,25,3.96976,1.96002,8.09273,25,4.34512,3.92308,4.97284,2.76481,4.0293,25,4.50831,3.57626,2.60679,0,1.34594,0,6.16797,9.4643,3.28738,25,0,7.30567,6.44287,23.809,6.42464,0,0.716038,2.31941,6.51565,25,5.77317,3.32159,6.66881,14.9765,5.31976,2.84628,3.69826,1.69876,18.4979,4.36924,6.76463,5.0178,2.01108,21.0753,8.13496,5.29579,4.73899,2.92385,3.90916,12.4403,3.87291,6.33883,6.38604,10.5707,5.28244,5.08079,5.16485,7.58942,12.8214,0,3.91954,3.1545,0
user53,7.05846,5.51393,25,23.2529,4.66775,5.02417,25,5.4642,6.01891,4.62743,5.99961,9.66587,25,7.42899,5.70019,6.18816,10.073,1.56269,7.08074,5.57199,6.4914,0,25,0.253053,9.95589,2.42603,23.8976,6.46887,9.07659,3.45425,3.99953,6.42967,18.9102,3.1369,2.14005,6.76292,13.6118,1.02561,9.97266,1.72036,7.10606,0.802597,25,10.5304,0.764806,4.30333,25,12.0142,2.69291,5.06758,2.11711,1.34594,0,4.8839,7.78485,3.32178,25,3.57803,5.04398,3.51864,6.69486,4.48327,17.6024,1.95601,6.62286,3.8376,17.25,5.18395,5.0378,4.52202,0,0.885095,18.6965,3.18678,0,1.63902,6.46056,17.6454,3.13196,4.62727,2.48607,5.71708,20.7405,5.5991,7.08491,8.62537,16.8266,1.58998,3.14318,3.022,6.03599,2.60004,25,3.37483,0,0.393378,9.58053,25,16.4086,4.84399,0
user54,25,4.16475,3.94605,17.4948,7.16819,8.62397,2.66438,2.73234,13.3692,5.80109,19.4531,4.51185,0,25,4.78326,10.2194,1.37832,6.01921,15.2228,8.99326,23.5209,5.31972,10.1105,20.9679,0.906487,7.93478,6.32636,1.31028,15,6.4701,4.57608,8.24439,2.05559,17.3578,4.12959,4.54443,3.32191,3.63789,8.90403,3.21969,23.9578,5.59992,0,18.3438,0.426348,7.992,4.84632,7.15938,15.7536,7.59094,21.8412,0,4.8839,0,3.55259,6.77726,9.10603,0,25,1.23629,22.1262,10.734,6.99399,25,6.9358,6.75859,6.1851,2.86718,8.44789,0,6.4868,4.8363,0.668011,25,3.9212,4.16285,6.6192,2.79216,23.593,3.25077,8.60521,4.81747,5.97898,24.9403,3.60005,3.10062,1.93733,3.51194,17.4956,6.59222,5.47564,5.65684,0,19.5999,2.59904,25,3.0187,3.48743,12.3083,4.86261,0
user55,3.11122,1.74334,1.3359,1.87638,25,3.09719,8.15957,5.20999,3.06363,12.8628,2.99489,5.77978,5.00891,6.80253,21.8114,3.19207,7.10892,5.48993,2.50866,9.21877,5.41379,5.25423,2.72729,4.62244,25,4.43652,8.36436,4.46656,4.56493,17.3787,0.298064,7.88251,2.33196,8.51341,13.9748,4.32582,1.52935,7.50073,7.09877,25,2.3148,4.21974,0,8.6038,25,5.9754,8.81315,0.557097,5.08323,20.4028,3.61439,6.16797,7.78485,3.55259,0,8.73569,0,3.71539,5.64583,25,6.0998,2.49425,6.58462,5.89274,25,1.79844,4.08612,1.59315,7.4338,22.1881,4.38301,7.06816,2.6667,3.0284,25,2.60201,0.445084,6.25356,6.16456,25,2.55508,2.74092,2.76222,4.04082,25,3.7229,4.53076,5.60353,5.30978,25,3.78183,3.33157,4.17956,2.75146,25,5.59371,5.27771,8.57138,2.12669,25,0
user56,9.25375,2.18996,7.25483,2.49969,4.41914,25,5.09367,4.4774,7.89026,12.8289,11.3024,6.06793,7.97869,8.1685,1.51018,25,5.37019,5.44347,3.26363,22.46,11.0062,6.11403,3.1472,3.94108,5.84413,25,1.78356,5.42082,1.78767,5.5678,9.63836,4.71825,2.35887,3.22425,0.214941,25,10.868,2.27827,5.48289,4.31815,11.6244,7.35168,4.24081,5.96845,3.2808,16.1235,3.97272,0.300032,5.30432,22.4551,13.5653,9.4643,3.32178,6.77726,8.73569,0,1.13951,6.30035,3.94872,8.64623,5.34571,3.7194,5.56457,4.78948,1.99082,25,5.28006,5.80075,5.86712,4.03491,8.8278,5.70483,1.64554,4.60435,2.29002,16.0896,2.64066,6.08014,5.74397,0,11.975,0.567893,3.53434,6.79138,2.06458,25,3.26112,4.40502,2.59505,3.89086,25,2.92791,5.57139,4.80718,1.134,12.5343,3.99979,3.92465,7.60726,4.73803,0
user57,6.20953,5.98426,25,19.6448,8.51453,5.16671,25,4.19594,4.26133,0.834932,4.7893,9.22923,25,4.64099,3.30445,1.10654,16.9306,4.97562,7.78922,6.75863,4.28748,0,25,4.91415,4.60743,5.75026,19.714,5.93448,6.34132,7.27265,2.96849,5.00706,21.5714,5.68839,0.38069,1.30956,15.3856,2.98468,4.33986,6.80318,3.32084,0,19.9377,6.47233,1.80481,2.93877,25,4.74674,5.20928,0.923757,9.42743,3.28738,25,9.10603,0,1.13951,0,7.30663,5.48132,3.24221,2.83706,5.42191,24.3989,3.06746,6.84309,4.28519,19.5744,2.45338,5.08384,3.60145,1.86058,7.59603,14.0019,2.73968,5.78298,7.17762,5.06412,11.7654,4.9343,4.33717,5.38443,5.50531,17.2086,11.3536,8.28831,2.30843,12.7063,6.64707,0.531589,7.37976,2.60649,2.91949,25,6.62973,5.38966,6.01198,5.29766,25,22.9154,2.62334,0
user58,3.50603,17.6752,4.67261,4.75084,2.94852,3.54778,0,19.7187,6.70668,3.71501,6.12021,18.3317,4.28764,1.57969,4.37616,5.36002,6.00942,17.982,5.13264,6.62496,5.04202,25,3.83546,6.85237,7.53077,8.85784,5.13614,25,4.04973,7.88565,6.35215,25,3.40085,3.88037,6.6073,3.07542,3.20128,25,3.28273,4.29637,2.0118,25,9.14703,10.1969,5.64829,3.6655,1.55258,25,4.44743,2.20275,5.27101,25,3.57803,0,3.71539,6.30035,7.30663,0,3.83507,7.46555,3.35007,25,6.31419,1.64683,7.18113,9.98762,1.38295,25,6.01592,5.23861,3.02123,14.7839,0.173695,5.17722,7.28695,3.39158,17.2199,6.90587,5.82911,2.43425,3.34472,11.9297,10.0414,3.71845,4.52803,6.42206,4.53245,16.8147,8.22683,1.32952,5.88466,10.1384,2.59065,2.80138,0.292276,3.8106,12.0678,4.50408,5.28172,1.8684,0
user59,21.2861,6.75949,0.537709,20.2168,7.0083,8.83126,3.12633,7.35139,22.5986,3.56862,20.4837,3.20489,8.17823,25,2.73595,4.85553,7.15458,7.55441,20.0523,6.89784,25,4.38349,2.96761,17.5459,6.16133,3.49416,3.27516,6.47648,13.7977,4.79195,2.60307,7.56344,6.69154,15.3932,5.41249,4.05664,5.55606,8.8207,22.198,6.1889,24.6534,4.9122,3.83529,14.3327,5.56295,5.35976,2.94034,3.97939,17.8423,4.50449,22.5807,0,5.04398,25,5.64583,3.94872,5.48132,3.83507,0,3.19434,21.9519,7.2252,3.71779,25,2.69046,4.33754,2.80232,8.94185,17.5281,0.510731,4.56594,9.49326,3.07409,14.0767,3.28353,2.96659,7.11342,4.68881,17.7334,4.33276,3.99291,7.47584,8.7127,25,1.86777,8.97751,8.49883,2.49821,13.7031,2.40889,5.97611,0.343938,0.786306,16.652,11.5784,21.0597,9.01414,7.13545,22.3131,1.04995,0
user60,7.18054,2.77502,6.77312,7.18235,25,1.35786,0.132455,5.52568,6.53315,15.487,6.57704,0.655294,7.32669,4.90828,13.5439,0,4.08781,5.61734,3.80905,19.9001,3.36752,1.48684,0,9.11747,25,10.2139,8.15863,5.4312,3.25476,17.598,3.66582,3.43124,5.423,5.75148,11.2898,5.23795,1.82302,5.50521,7.62265,24.948,0.0180378,6.29654,7.83527,4.30521,25,10.8431,6.34189,4.41808,4.91182,18.4999,4.45968,7.30567,3.51864,1.23629,25,8.64623,3.24221,7.46555,3.19434,0,3.52005,5.52764,6.80666,1.4833,25,2.41611,3.08715,9.5445,2.38206,25,6.75744,7.68378,4.18199,2.28558,25,5.79233,2.67356,3.7083,8.48323,25,0.463334,5.20689,5.06156,1.34529,25,2.06742,3.95819,3.32974,9.92315,25,2.27334,4.32719,5.1067,8.16862,25,0,1.19193,7.07139,2.29672,25,0
user61,25,6.18206,6.59181,6.80195,3.7306,12.488,4.67699,1.76866,3.26448,4.23945,25,0.406454,2.38831,23.5186,3.31129,9.81659,2.12254,4.60742,2.02227,5.44654,25,0.895219,1.3308,7.68751,1.43204,11.5739,6.82335,3.54004,6.24494,5.8846,12.7194,3.39194,5.64753,2.10189,4.1889,6.06692,4.81546,2.49646,6.61433,2.65719,25,3.7683,6.9784,4.21134,3.38707,9.47938,0.118239,5.26201,4.2217,4.00415,25,6.44287,6.69486,22.1262,6.0998,5.34571,2.83706,3.35007,21.9519,3.52005,0,1.39716,6.87675,23.2873,6.63755,8.03452,5.54749,11.0279,5.54518,3.68353,15.865,5.04436,1.84042,4.85379,4.82861,10.4252,1.89193,7.1249,5.24718,5.93368,16.3957,1.56001,2.69667,5.61068,5.52338,13.1771,6.17363,6.74869,3.87253,6.4324,7.44403,7.53091,7.44933,4.06455,3.3907,25,8.44767,5.9824,6.63931,4.64181,0
user62,5.24311,9.14998,8.31668,2.46062,9.06763,1.36966,7.91033,11.8371,7.84046,0.919492,2.16274,14.5435,5.83662,6.16583,7.66372,0.930855,6.38144,12.3241,10.0089,0,2.84684,25,2.84263,9.42878,7.00916,5.50696,1.79984,25,7.76764,1.77698,6.85713,25,5.07246,2.48556,3.96374,2.80744,3.76478,25,4.75646,5.06318,4.44773,25,0.876567,5.74812,2.25248,2.45119,5.02267,25,5.0828,4.05591,1.68368,23.809,4.48327,10.734,2.49425,3.7194,5.42191,25,7.2252,5.52764,1.39716,0,8.0012,5.16752,0.0969049,5.47028,0.408449,25,3.88031,4.9192,6.89387,12.1409,7.46646,4.95989,6.15462,0.0420317,8.365,3.84225,10.1566,4.4127,0,14.5025,4.54591,3.67221,4.61979,4.85862,3.42775,25,6.63841,5.82413,4.34044,14.4405,3.87008,7.11784,3.4087,9.74391,13.6608,0.968375,1.33166,5.13351,0
user63,9.10395,3.75417,12.5032,3.95648,5.7593,6.1154,21.8897,5.76081,0.678177,10.7305,3.13824,0,13.6098,6.18911,25,3.30073,25,0.248079,0,8.43622,8.92649,3.97502,17.6514,0,6.95599,3.95283,25,1.43688,0.67801,17.2286,2.8061,6.89687,18.0518,6.84927,22.7236,3.44826,25,3.36865,7.77614,6.01413,9.10145,3.65667,9.24475,7.62445,0.68508,2.6905,15.9082,3.84294,9.8631,8.04939,2.98615,6.42464,17.6024,6.99399,6.58462,5.56457,24.3989,6.31419,3.71779,6.80666,6.87675,8.0012,0,0,5.38677,0,25,5.0148,2.97666,5.84704,6.76763,2.91674,24.5112,6.78493,1.72335,4.14798,3.74748,25,6.68494,0.360149,5.54246,0.543665,25,5.34788,4.28252,4.88654,25,3.77758,5.88044,8.76822,6.06412,5.78294,11.8777,1.27183,7.0087,4.74564,4.13427,22.1396,3.64693,6.46161,0
user64,24.9085,5.10245,4.30926,12.3088,0.653283,2.37468,4.6854,2.8197,11.7548,5.58792,24.7069,4.19412,5.91751,25,0,4.9996,7.15529,8.73576,12.6505,5.51253,19.6473,3.0566,5.37848,19.0945,10.6983,3.09318,4.9896,5.89489,16.9425,5.99366,3.761,4.72549,3.85581,20.611,8.05064,2.39811,4.17337,4.56815,10.1904,5.39782,19.4536,7.17459,4.72921,17.4661,4.86595,7.92968,2.92264,3.16503,13.748,11.9997,21.0525,0,1.95601,25,5.89274,4.78948,3.06746,1.64683,25,1.4833,23.2873,5.16752,0,0,0.421924,4.94702,5.91811,6.15213,16.6992,4.26712,3.29854,6.12342,8.54646,15.1505,1.82755,5.80651,7.74791,5.61367,21.3644,2.36249,1.50728,2.17714,4.59066,10.1354,5.71035,3.19815,0.92441,4.81015,16.3826,4.26535,3.57811,3.51671,6.6107,15.5389,4.58493,20.4735,7.29659,3.11058,17.78,6.3774,0
user65,6.53305,7.27766,1.08574,5.93111,25,5.54081,3.26654,0.633903,6.83741,14.6945,3.82351,6.04759,0,9.96523,16.0169,4.95767,6.4642,1.65835,5.22008,11.6223,0,6.98105,3.76999,8.88708,25,9.05262,4.96504,4.13786,6.38834,10.8667,3.31079,3.87419,5.7763,0,21.6151,5.14858,4.4655,3.79341,5.01987,25,4.08258,4.93587,5.59639,1.99203,25,4.73121,8.6682,5.00251,8.92416,5.8935,0,0.716038,6.62286,6.9358,25,1.99082,6.84309,7.18113,2.69046,25,6.63755,0.0969049,5.38677,0.421924,0,3.70378,7.24677,7.35507,5.64726,25,6.27634,2.80925,4.31552,6.30764,25,2.92323,6.46376,3.60222,5.05349,25,5.03713,4.14006,0,2.34998,25,4.48248,2.25619,4.31893,4.17487,25,2.71016,4.48926,7.76037,1.43086,25,4.7046,3.9433,8.22538,8.23707,25,0
user66,7.81882,5.22131,1.94199,3.82324,5.99797,25,9.08886,11.1728,2.84176,25,9.93743,4.01249,4.81981,2.58698,6.87001,25,4.1542,5.396,0.220518,22.8886,11.9421,7.57137,2.31299,0.635025,6.47704,25,2.38254,3.93256,2.70514,5.23387,10.5298,4.35175,4.85071,7.95985,1.91633,25,6.02612,0.192639,3.19725,4.81824,5.35173,8.48281,0.722413,2.76112,4.26369,13.7235,7.5045,4.11171,9.339,23.7937,10.3454,2.31941,3.8376,6.75859,1.79844,25,4.28519,9.98762,4.33754,2.41611,8.03452,5.47028,0,4.94702,3.70378,0,3.29139,3.00917,4.90454,3.88009,6.73556,2.91197,3.05381,4.37046,2.64079,11.3591,8.36977,5.47158,5.09813,1.72081,6.42585,2.408,8.90019,8.63588,3.36519,25,4.39411,7.17073,1.91233,4.78851,23.8054,5.35414,6.44862,3.12263,2.86,12.2818,0,7.94665,7.24837,4.40356,0
user67,2.4314,7.35283,12.5856,0,9.11378,7.12245,19.673,0.730109,2.82147,0,2.87045,3.74118,11.0243,5.57869,21.2678,2.67101,25,4.63069,3.72338,7.54401,7.41041,6.71789,17.1014,4.99746,5.12549,1.61092,25,5.84825,2.56365,24.0558,6.41915,4.83845,25,9.1119,14.9115,3.66664,25,4.01827,3.43689,1.10778,5.35524,6.85418,19.5276,3.42389,0.717137,2.2779,22.6904,11.5906,5.20342,3.80494,0,6.51565,17.25,6.1851,4.08612,5.28006,19.5744,1.38295,2.80232,3.08715,5.54749,0.408449,25,5.91811,7.24677,3.29139,0,11.4916,2.70211,7.54489,4.62964,8.7875,25,3.29735,1.61699,6.07793,0,25,6.30041,3.74345,3.57901,2.25517,25,4.38711,3.79263,9.72168,25,6.56288,5.78753,0.82443,4.21479,5.78104,16.7465,3.39982,3.35582,0.367744,3.14064,11.072,4.8133,4.6098,0
user68,9.39091,14.825,9.69772,1.20831,2.92814,7.9017,4.49262,15.8676,5.41891,5.83088,7.47358,7.74849,2.44582,4.27792,5.08219,5.23173,3.78616,17.1522,7.17423,8.70903,5.40124,25,0.27439,8.99166,0.306293,9.42177,8.53018,25,2.45892,9.2925,2.14591,25,5.0592,5.81019,6.53519,2.89099,5.75656,25,4.62288,4.49887,6.79249,25,1.06847,3.73976,9.34319,2.92168,4.30497,25,8.33462,3.69134,0.610512,25,5.18395,2.86718,1.59315,5.80075,2.45338,25,8.94185,9.5445,11.0279,25,5.0148,6.15213,7.35507,3.00917,11.4916,0,1.76611,11.2307,6.30598,10.8824,7.30415,7.08948,4.41419,6.70948,17.4404,5.3571,7.02813,5.30753,1.43855,17.4619,3.67251,7.46627,8.51665,6.39896,7.21614,16.0793,3.66664,5.23526,6.68016,16.736,7.97294,6.3798,4.61376,8.65043,16.0939,5.60904,3.95862,2.08263,0
user69,4.94883,3.66834,7.73237,18.8234,4.69814,5.87012,4.11979,12.9341,25,2.47204,5.48929,1.40589,1.08333,13.0439,6.51057,4.15091,1.38373,5.08023,25,4.83166,1.26796,4.02061,2.20945,25,3.03508,3.70274,5.65002,1.54625,25,9.24666,3.28919,5.622,4.46817,23.3595,0.731882,4.09282,6.01472,5.74472,25,2.98574,3.49934,7.01713,0.519185,25,7.96967,7.17992,4.59116,5.4092,25,3.72997,6.555,5.77317,5.0378,8.44789,7.4338,5.86712,5.08384,6.01592,17.5281,2.38206,5.54518,3.88031,2.97666,16.6992,5.64726,4.90454,2.70211,1.76611,0,4.5001,1.72953,7.8487,4.04694,25,7.84094,0,3.71013,3.27428,25,4.10086,3.88126,3.9939,4.85645,25,3.33284,6.33183,2.09713,6.09487,25,2.53327,1.70671,8.00909,8.49972,23.5641,5.91027,3.98909,4.88338,2.97374,14.3503,4.1706,0
user70,7.22563,5.27349,3.55439,2.25156,25,5.3277,7.02247,5.58568,9.33857,12.0324,7.08441,6.45632,2.53965,0,17.2728,2.01576,1.43086,6.15661,6.80492,9.63119,1.00641,2.69238,0,1.8711,25,6.95627,6.79195,9.07195,6.75027,21.9828,3.22585,7.23469,0,6.88649,12.7916,2.30121,2.09821,1.70879,8.28432,25,7.67712,5.05776,4.92754,4.84786,25,4.28088,7.25692,10.0271,3.80644,22.3776,8.55656,3.32159,4.52202,0,22.1881,4.03491,3.60145,5.23861,0.510731,25,3.68353,4.9192,5.84704,4.26712,25,3.88009,7.54489,11.2307,4.5001,0,5.67019,4.24792,6.02945,1.807,25,4.18233,3.14019,5.80125,3.12854,25,5.67059,1.15484,7.3298,2.26062,25,6.03057,1.99685,3.42122,5.82884,25,6.51934,0,2.41027,1.284,21.6788,0.714245,1.4144,9.4796,5.81109,25,0
user71,13.6702,5.03528,2.28975,3.56491,3.47889,4.34331,5.03513,4.94358,6.18748,3.87225,12.4779,3.24431,3.71127,5.46078,4.06388,9.77207,4.65336,0.497128,8.90559,3.57641,12.4349,6.27081,0,1.49453,3.51594,7.74275,3.53495,5.51909,2.82479,5.11905,25,1.88374,3.65151,5.26012,5.41986,16.433,6.5838,6.05347,3.43677,3.85224,18.5926,4.73914,5.68701,3.55861,9.35374,18.6712,5.41411,4.03829,2.93396,6.63394,12.14,6.66881,0,6.4868,4.38301,8.8278,1.86058,3.02123,4.56594,6.75744,15.865,6.89387,6.76763,3.29854,6.27634,6.73556,4.62964,6.30598,1.72953,5.67019,0,9.08013,8.63994,2.14526,5.09363,25,4.83418,4.74047,2.71632,5.34862,25,4.11409,7.35071,7.90604,2.62484,12.5746,8.73822,5.78323,3.68284,7.4134,4.86618,5.78305,4.07981,0.72222,6.69854,15.2974,5.01121,4.15995,6.97558,4.75611,0
user72,3.24437,25,5.38271,3.9708,3.30148,5.04243,8.64843,25,1.40309,5.04314,3.66447,22.3841,1.03611,5.23506,2.13896,2.77132,5.81371,20.8771,5.49853,1.08604,4.3742,19.2467,3.31203,11.643,5.45132,6.74617,4.34384,20.5319,2.72117,4.78972,5.57377,25,5.95684,10.4407,10.1232,8.16662,3.70826,20.0029,0.149081,5.16014,8.67366,12.0131,3.51571,4.83563,4.91491,22.0342,3.00664,9.78059,8.44356,5.22117,3.64565,14.9765,0.885095,4.8363,7.06816,5.70483,7.59603,14.7839,9.49326,7.68378,5.04436,12.1409,2.91674,6.12342,2.80925,2.91197,8.7875,10.8824,7.8487,4.24792,9.08013,0,2.48193,2.76421,2.76841,4.85495,25,4.34938,9.20833,0.570438,7.09506,25,4.08451,0.611392,6.29086,4.97857,1.28823,25,1.28859,8.09768,3.12474,25,3.35618,7.93293,5.28027,3.8886,25,2.04368,6.82623,4.64812,0
user73,6.49648,3.68502,18.8349,8.54161,0.620285,7.13415,15.9047,3.1065,1.8782,4.76016,5.55332,8.31549,14.5725,8.55407,21.0935,2.59186,25,2.59357,2.01637,9.47164,5.26762,3.08479,14.4103,6.1942,2.01667,4.57427,25,2.6418,6.64509,20.2215,1.92109,2.46887,25,6.06865,20.032,6.79125,25,7.76946,0,3.08904,9.92849,2.82094,8.37997,5.31274,4.31704,9.88084,21.4826,6.48559,9.40351,3.9828,1.18381,5.31976,18.6965,0.668011,2.6667,1.64554,14.0019,0.173695,3.07409,4.18199,1.84042,7.46646,24.5112,8.54646,4.31552,3.05381,25,7.30415,4.04694,6.02945,8.63994,2.48193,0,2.73736,4.61741,4.19968,10.9292,25,7.41603,0,4.79364,1.31021,25,1.19782,4.30171,8.04346,25,6.32477,1.1523,6.33341,4.46734,4.17162,15.3479,6.12617,5.72574,2.4358,3.34359,17.8045,3.57716,1.79086,0
user74,5.5129,2.0006,4.53431,8.56436,5.61343,5.8269,9.39594,6.78909,25,1.29487,2.70096,3.66357,5.96962,10.6242,5.48474,0.513146,1.89892,3.16233,25,2.51318,4.42499,0.72727,4.16676,25,2.56966,1.20999,1.82747,0.96722,25,6.64622,0,7.37319,1.27365,25,8.53529,6.28277,3.32287,7.74884,25,5.49629,1.96281,3.93373,4.44501,25,5.95461,4.44965,3.54111,5.46061,25,3.88995,3.85657,2.84628,3.18678,25,3.0284,4.60435,2.73968,5.17722,14.0767,2.28558,4.85379,4.95989,6.78493,15.1505,6.30764,4.37046,3.29735,7.08948,25,1.807,2.14526,2.76421,2.73736,0,2.7385,5.40432,1.58795,4.28554,25,5.78834,2.01044,2.60374,3.26454,25,1.35963,7.65228,3.72142,6.11469,25,0.533903,4.17296,7.85001,7.12222,25,3.28676,1.14798,6.3194,7.61056,14.3031,6.47838,0
user75,6.04252,4.87762,5.34199,6.79666,25,9.09839,2.24518,4.18143,7.27152,20.7498,6.19504,6.22066,4.04409,4.17607,14.9693,0.647042,4.71211,9.33129,1.90789,12.2272,2.87088,2.12344,6.34346,2.60919,25,5.34542,7.48807,4.2363,8.47394,20.9703,3.84545,5.66846,5.12684,4.7811,18.62,3.04561,2.78997,7.04697,2.62513,25,4.07925,0,5.02135,3.05294,25,4.14374,7.60432,6.99464,8.21031,12.9095,4.55687,3.69826,0,3.9212,25,2.29002,5.78298,7.28695,3.28353,25,4.82861,6.15462,1.72335,1.82755,25,2.64079,1.61699,4.41419,7.84094,25,5.09363,2.76841,4.61741,2.7385,0,5.90446,0.563518,5.54637,5.44374,25,4.04123,4.4503,2.48187,7.33432,25,9.87087,1.68156,1.38708,6.33902,25,7.0334,5.31695,4.34382,5.99506,25,5.11891,7.71773,6.20772,2.87627,25,0
user76,12.9138,5.99926,2.21094,3.41121,2.6303,7.16253,2.52679,5.24791,3.8171,6.05405,9.45853,2.94317,4.39244,4.64164,2.56601,6.36997,3.44228,5.6164,4.65025,2.25541,21.5016,6.88813,0,8.00629,3.62746,4.09191,8.05481,5.78124,4.96453,5.90818,23.4822,6.16664,5.77358,8.57088,4.75117,10.8141,5.06424,0,4.99607,5.69938,19.2908,10.977,2.95116,2.5549,0.338755,8.49322,0,5.01651,5.13948,4.2358,14.442,1.69876,1.63902,4.16285,2.60201,16.0896,7.17762,3.39158,2.96659,5.79233,10.4252,0.0420317,4.14798,5.80651,2.92323,11.3591,6.07793,6.70948,0,4.18233,25,4.85495,4.19968,5.40432,5.90446,0,6.41497,1.86139,4.52878,1.1687,25,7.65892,3.74253,4.26427,2.41302,16.0714,10.8914,3.35272,5.94148,9.49471,10.9573,3.16537,6.05439,3.33651,6.44435,16.1215,6.05039,5.21852,1.15956,4.00286,0
user77,2.71045,25,4.66509,5.08775,4.28426,3.4499,3.18463,25,6.42477,3.97923,1.56429,25,4.01164,5.01373,6.57346,7.79351,7.33103,25,5.82083,3.0203,4.25438,13.9675,6.04371,7.77441,3.78706,1.77678,0,14.275,7.00989,4.30624,5.69587,16.7389,2.6438,6.22876,6.97304,5.68965,0.845651,24.2979,5.90477,3.60802,8.29019,24.2055,4.41463,3.42688,2.74598,21.4362,5.81478,15.2929,4.4557,5.96237,4.77928,18.4979,6.46056,6.6192,0.445084,2.64066,5.06412,17.2199,7.11342,2.67356,1.89193,8.365,3.74748,7.74791,6.46376,8.36977,0,17.4404,3.71013,3.14019,4.83418,25,10.9292,1.58795,0.563518,6.41497,0,3.34051,7.02992,3.82974,8.39497,25,7.45191,3.75905,3.94318,6.95458,6.12715,25,8.95971,3.85445,5.01815,25,7.88141,3.01801,4.40025,3.26593,25,2.11511,0.76869,4.66815,0
user78,7.07261,6.5957,17.7518,10.5298,4.80448,5.44248,20.3198,5.53648,4.79032,1.92074,5.6577,0,15.3179,5.88344,20.3952,1.78828,25,5.21576,3.37634,0,3.28684,1.41674,13.709,1.61511,6.52276,3.41956,25,5.37086,5.31135,18.0214,5.30484,1.2042,25,1.91876,21.6664,3.30139,25,5.9825,6.85858,2.52321,1.07125,0.515242,20.2152,0,7.80628,3.32881,15.8385,4.17519,7.14506,8.5213,8.12981,4.36924,17.6454,2.79216,6.25356,6.08014,11.7654,6.90587,4.68881,3.7083,7.1249,3.84225,25,5.61367,3.60222,5.47158,25,5.3571,3.27428,5.80125,4.74047,4.34938,25,4.28554,5.54637,1.86139,3.34051,0,6.90239,4.22597,6.10543,3.45653,25,6.97705,3.98622,6.38036,25,8.19009,7.66125,3.6237,6.23166,2.97746,12.3311,2.61398,7.13941,4.68331,5.58469,17.2035,4.44265,4.37733,0
user79,5.37246,3.63977,3.88699,17.6735,7.56512,0.949001,5.74133,2.64289,25,6.7634,7.2963,1.00105,4.49771,3.90942,3.55216,3.48327,5.42558,0.125731,25,5.88893,0.327747,7.09511,5.31894,25,0,6.17623,4.29586,7.52545,25,0.959945,3.62355,4.59815,2.21594,25,5.62042,2.92628,15.2007,5.79843,25,4.29448,0.407127,5.09244,6.72209,25,5.93027,3.72743,7.15484,3.05925,23.7924,4.44493,1.09464,6.76463,3.13196,23.593,6.16456,5.74397,4.9343,5.82911,17.7334,8.48323,5.24718,10.1566,6.68494,21.3644,5.05349,5.09813,6.30041,7.02813,25,3.12854,2.71632,9.20833,7.41603,25,5.44374,4.52878,7.02992,6.90239,0,5.4687,0.00522763,2.19546,6.58057,25,5.60725,6.23514,4.51227,5.50088,25,5.43347,7.47796,0.683279,3.98099,25,4.98753,5.91924,5.44263,4.5706,13.8271,3.68119,0
user80,7.92949,6.36821,5.13577,6.27886,25,6.22473,0.499931,4.66236,7.31897,18.0264,4.56733,4.76174,6.86667,0,16.3494,6.90383,1.71584,1.7983,3.37868,7.28697,2.83972,4.64815,3.99145,8.32017,25,3.93538,5.79827,4.29066,7.98447,18.4311,2.71426,4.70548,0,0.14208,17.8673,7.34415,4.37872,3.68129,1.50348,23.1838,1.28336,0,5.65846,4.93878,22.6925,3.86917,0,4.23261,4.19164,7.4905,4.73573,5.0178,4.62727,3.25077,25,0,4.33717,2.43425,4.33276,25,5.93368,4.4127,0.360149,2.36249,25,1.72081,3.74345,5.30753,4.10086,25,5.34862,0.570438,0,5.78834,25,1.1687,3.82974,4.22597,5.4687,0,6.3402,5.23185,1.75551,4.0741,25,6.74737,1.04634,4.52754,1.10142,25,7.71279,1.79801,4.27494,6.71699,25,3.19428,0,7.32076,0,25,0
user81,10.1706,1.60051,0,5.25593,6.48493,7.96703,3.38632,3.31354,6.11368,5.89115,15.5489,6.24127,4.75264,5.22472,7.87152,10.838,6.36647,8.68279,0.476635,3.73038,14.0443,1.22205,6.22535,6.91793,6.15238,12.677,3.06916,8.48604,8.24765,6.6798,25,2.70059,4.66241,6.77354,3.40798,7.15929,4.66224,4.74317,3.63656,4.30211,12.2853,2.64111,3.17179,4.65903,9.74674,4.79592,6.13173,4.0411,4.60142,4.62661,17.1984,2.01108,2.48607,8.60521,2.55508,11.975,5.38443,3.34472,3.99291,0.463334,16.3957,0,5.54246,1.50728,5.03713,6.42585,3.57901,1.43855,3.88126,5.67059,25,7.09506,4.79364,2.01044,4.04123,25,8.39497,6.10543,0.00522763,6.3402,0,1.298,4.8014,9.09952,7.46307,10.8285,1.30534,7.78365,4.9563,4.13847,7.82057,6.36228,4.41863,0.547332,8.54609,20.3972,8.18083,5.85441,0.158849,2.82732,0
user82,3.42783,22.4902,0.177254,5.84824,5.93575,2.5376,4.53076,25,1.78522,0.144782,4.0535,25,7.30417,7.56715,3.87339,3.325,6.80922,24.7886,4.49612,3.07929,6.30264,11.4031,5.23998,8.65999,6.39522,2.95994,5.8773,6.18332,2.67761,3.51385,6.03584,15.4982,2.13487,1.42567,2.73044,6.59309,6.44368,11.7905,3.84784,8.61775,0,19.8535,5.22004,3.18083,6.96304,24.5263,5.02944,15.4764,3.10542,8.21527,7.50547,21.0753,5.71708,4.81747,2.74092,0.567893,5.50531,11.9297,7.47584,5.20689,1.56001,14.5025,0.543665,2.17714,4.14006,2.408,2.25517,17.4619,3.9939,1.15484,4.11409,25,1.31021,2.60374,4.4503,7.65892,25,3.45653,2.19546,5.23185,1.298,0,6.77132,2.93655,5.15918,5.22336,8.83889,25,3.39496,1.60007,6.4008,25,7.31014,4.89261,2.46618,5.97393,25,6.94592,6.88375,2.98082,0
user83,0.214026,2.11776,14.03,5.68493,6.48062,1.96757,10.9135,4.89407,3.07641,3.5564,6.84017,8.22529,16.0847,7.4265,18.3577,7.6538,25,6.63927,4.89491,0.751192,0,5.15811,17.7704,2.12159,0.590186,2.34022,23.4533,8.02632,5.90284,18.6392,5.12891,0,25,6.69615,25,7.26778,25,7.68979,5.77119,4.95539,5.06116,3.4574,12.6863,3.88272,6.35067,5.62852,16.5811,2.1454,7.32963,4.88865,7.66828,8.13496,20.7405,5.97898,2.76222,3.53434,17.2086,10.0414,8.7127,5.06156,2.69667,4.54591,25,4.59066,0,8.90019,25,3.67251,4.85645,7.3298,7.35071,4.08451,25,3.26454,2.48187,3.74253,7.45191,25,6.58057,1.75551,4.8014,6.77132,0,4.00105,9.17834,3.60681,25,2.59635,0.212905,3.35791,8.5442,3.91182,13.5262,3.6741,1.85318,0,3.53422,16.6144,6.28184,5.39308,0
user84,3.96054,3.63795,3.91811,18.4793,1.92008,6.00223,4.60649,4.00744,25,4.15445,4.41004,5.48061,7.40885,24.2226,6.73702,3.10847,4.16405,1.13814,25,5.11775,4.22497,5.34949,4.72286,25,8.75556,8.1617,2.15424,4.71734,25,4.06983,5.95834,6.16726,6.53888,25,6.11883,2.98924,5.23823,2.99506,25,3.20797,7.11506,3.15167,1.66912,25,1.76874,5.42609,3.73963,6.88795,25,5.73163,6.7856,5.29579,5.5991,24.9403,4.04082,6.79138,11.3536,3.71845,25,1.34529,5.61068,3.67221,5.34788,10.1354,2.34998,8.63588,4.38711,7.46627,25,2.26062,7.90604,0.611392,1.19782,25,7.33432,4.26427,3.75905,6.97705,25,4.0741,9.09952,2.93655,4.00105,0,6.89607,6.50156,6.18341,2.17671,25,6.9258,3.61008,5.8311,0.970823,25,6.4061,1.43044,1.29442,5.93009,11.6892,4.25041,0
user85,2.10358,3.45437,4.49762,7.10142,25,6.75289,3.87864,5.81494,4.00061,14.4778,7.26119,3.26611,7.63663,7.65006,12.8927,6.49994,4.34275,3.63381,4.98009,22.1935,5.14065,1.40487,1.33685,5.6946,25,4.13513,7.11884,8.91839,6.4358,12.5455,0.879939,3.3158,9.99835,3.37186,18.5092,0.842285,5.99879,3.48139,1.49563,25,5.33189,5.13947,4.2596,7.75596,25,4.92894,4.67028,1.38021,6.01773,15.1963,3.27672,4.73899,7.08491,3.60005,25,2.06458,8.28831,4.52803,1.86777,25,5.52338,4.61979,4.28252,5.71035,25,3.36519,3.79263,8.51665,3.33284,25,2.62484,6.29086,4.30171,1.35963,25,2.41302,3.94318,3.98622,5.60725,25,7.46307,5.15918,9.17834,6.89607,0,2.75714,1.98579,7.51001,9.88224,25,5.2613,2.6209,8.1858,5.08265,25,5.25461,0.489344,7.02339,10.9463,25,0
user86,11.8988,4.1747,4.89986,6.89471,3.5624,25,8.06982,4.11662,1.59757,25,13.8479,2.26159,3.25415,6.57583,1.36517,25,0.61292,8.89105,0.895091,18.363,12.2021,2.1631,1.73737,8.73045,6.7702,25,4.00876,4.3359,3.69942,3.67999,12.9483,3.51299,6.21487,2.00012,2.49966,22.5767,6.2016,3.42151,3.68316,6.28989,14.9501,6.26934,9.40277,2.47055,4.94316,13.7383,8.37144,2.43082,7.57447,23.0455,10.3661,2.92385,8.62537,3.10062,3.7229,25,2.30843,6.42206,8.97751,2.06742,13.1771,4.85862,4.88654,3.19815,4.48248,25,9.72168,6.39896,6.33183,6.03057,12.5746,4.97857,8.04346,7.65228,9.87087,16.0714,6.95458,6.38036,6.23514,6.74737,10.8285,5.22336,3.60681,6.50156,2.75714,0,3.88214,6.7305,2.5431,7.70608,24.3284,4.26893,0.653901,3.32338,6.6007,10.94,3.51735,0.0750978,0,2.98765,0
user87,3.55073,6.18641,21.2268,0.321119,4.29412,1.63629,15.1016,6.37601,6.95919,3.18784,2.1051,6.19891,14.5296,1.04001,25,1.61712,25,4.58398,5.38806,5.72146,4.7132,4.5513,12.525,3.29551,3.54289,6.71924,25,2.52789,2.69308,25,4.46686,5.43247,25,7.86547,18.0736,5.91118,25,5.7628,5.48135,4.7676,2.7727,2.03478,14.4001,6.19874,1.43627,6.97484,16.4806,5.42753,4.40986,5.90782,3.31567,3.90916,16.8266,1.93733,4.53076,3.26112,12.7063,4.53245,8.49883,3.95819,6.17363,3.42775,25,0.92441,2.25619,4.39411,25,7.21614,2.09713,1.99685,8.73822,1.28823,25,3.72142,1.68156,10.8914,6.12715,25,4.51227,1.04634,1.30534,8.83889,25,6.18341,1.98579,3.88214,0,5.77958,0,9.48614,2.73108,8.10623,19.5709,5.14502,2.35237,2.20003,3.51872,15.4223,4.70203,1.19148,0
user88,1.52023,25,3.66304,2.55479,0.318225,3.73881,2.98792,25,4.87375,0.0605601,6.23937,25,7.3615,6.02662,4.77664,1.82804,4.19384,23.5928,4.13476,4.6063,7.12907,10.6738,2.80739,2.7794,5.65005,3.42233,8.93857,12.154,3.68513,2.66345,5.62516,17.3293,3.6438,7.66064,4.12692,5.33487,4.75163,6.22043,3.5234,12.7054,3.95323,11.8211,3.03871,1.23133,8.83108,25,4.07862,15.3408,5.33096,3.04947,4.44928,12.4403,1.58998,3.51194,5.60353,4.40502,6.64707,16.8147,2.49821,3.32974,6.74869,25,3.77758,4.81015,4.31893,7.17073,6.56288,16.0793,6.09487,3.42122,5.78323,25,6.32477,6.11469,1.38708,3.35272,25,8.19009,5.50088,4.52754,7.78365,25,2.59635,2.17671,7.51001,6.7305,5.77958,0,6.16859,6.46762,3.70711,25,3.4951,5.06683,9.34474,1.62794,25,6.75462,12.4871,3.75338,0
user89,6.58751,4.26161,2.7134,15.8781,3.49321,4.12528,5.77375,1.84986,25,6.97317,6.04683,5.2881,5.89203,25,5.97867,7.53941,2.88243,1.62583,25,7.15095,3.70388,5.48225,2.75021,25,5.87654,4.19403,8.94452,3.73623,25,3.75596,8.85374,5.29452,6.35958,25,0.493439,4.17326,4.3117,6.18833,25,1.88775,2.84909,4.19474,5.21971,25,3.65204,7.72048,8.2459,5.52317,25,3.87961,7.91716,3.87291,3.14318,17.4956,5.30978,2.59505,0.531589,8.22683,13.7031,9.92315,3.87253,6.63841,5.88044,16.3826,4.17487,1.91233,5.78753,3.66664,25,5.82884,3.68284,1.28859,1.1523,25,6.33902,5.94148,8.95971,7.66125,25,1.10142,4.9563,3.39496,0.212905,25,9.88224,2.5431,0,6.16859,0,8.20065,3.11406,2.48572,3.71476,25,8.95241,7.28478,1.11783,4.75885,14.8402,6.40756,0
user90,4.12696,4.53683,3.7901,1.74029,25,4.96007,8.77999,4.07232,3.89053,15.7498,5.47096,1.78315,6.6283,7.02879,21.7695,1.18742,0,2.35296,2.69549,22.3795,4.8225,5.81066,0,5.53263,25,5.52875,1.49179,9.9883,6.52137,9.98185,5.54501,6.70872,2.58153,3.7181,18.2352,3.49009,2.88382,3.21966,0.545142,25,1.12483,4.76383,8.41758,6.38474,25,6.06986,5.78198,7.43305,1.52718,21.4674,2.49956,6.33883,3.022,6.59222,25,3.89086,7.37976,1.32952,2.40889,25,6.4324,5.82413,8.76822,4.26535,25,4.78851,0.82443,5.23526,2.53327,25,7.4134,8.09768,6.33341,0.533903,25,9.49471,3.85445,3.6237,5.43347,25,4.13847,1.60007,3.35791,6.9258,25,7.70608,9.48614,6.46762,8.20065,0,7.98402,4.50293,7.71137,0.916132,25,4.08579,0.966066,4.08566,3.30421,25,0
user91,15.3683,3.87624,4.02881,1.872,4.29781,25,5.0336,0.93876,6.10186,25,11.5712,3.58582,7.48073,6.75187,8.01881,25,4.42655,4.40748,5.75997,19.9017,9.24879,4.57939,3.64329,4.28988,3.16105,25,7.15592,0.259489,3.50861,3.2036,5.25877,7.48482,5.08664,6.37942,3.87708,25,2.73303,3.42487,1.46238,4.14803,14.2198,4.6579,2.95857,0.631929,3.07312,9.99261,8.71515,5.57736,8.16156,17.93,15.8254,6.38604,6.03599,5.47564,3.78183,25,2.60649,5.88466,5.97611,2.27334,7.44403,4.34044,6.06412,3.57811,2.71016,23.8054,4.21479,6.68016,1.70671,6.51934,4.86618,3.12474,4.46734,4.17296,7.0334,10.9573,5.01815,6.23166,7.47796,7.71279,7.82057,6.4008,8.5442,3.61008,5.2613,24.3284,2.73108,3.70711,3.11406,7.98402,0,1.73954,1.64245,3.16646,4.69196,14.6113,3.31628,7.27605,1.5758,4.12999,0
user92,4.36684,25,0,3.76799,9.09236,2.88752,5.16535,25,7.88098,2.88814,0,25,3.56286,6.00753,4.44938,2.29038,9.89043,25,9.01027,8.12879,3.4842,2.93762,5.42437,1.83818,2.71139,1.05193,5.30833,13.7507,6.88277,2.26167,3.13977,25,5.95829,8.4101,3.47885,4.15725,6.81189,19.1012,3.34669,5.58982,6.04673,7.61994,0,3.24352,2.78472,25,8.54808,14.0213,8.92635,5.22009,5.92315,10.5707,2.60004,5.65684,3.33157,2.92791,2.91949,10.1384,0.343938,4.32719,7.53091,14.4405,5.78294,3.51671,4.48926,5.35414,5.78104,16.736,8.00909,0,5.78305,25,4.17162,7.85001,5.31695,3.16537,25,2.97746,0.683279,1.79801,6.36228,25,3.91182,5.8311,2.6209,4.26893,8.10623,25,2.48572,4.50293,1.73954,0,7.55654,4.95419,4.23835,7.21657,25,5.23971,5.1397,2.67591,0
user93,2.54618,4.07167,24.0881,17.9842,4.01919,6.34568,25,5.42274,5.67749,9.60277,3.09647,2.79523,25,0.0726959,7.25253,4.07894,12.378,2.85494,2.68245,0.863945,2.75501,5.01355,25,4.18463,6.32201,1.28802,9.18319,4.84713,8.89932,2.35548,3.56332,2.92879,25,3.10845,3.52466,3.23701,16.0282,8.06816,3.90174,12.9531,9.05606,2.96295,25,3.73848,2.81269,1.18034,25,4.16895,5.63253,7.6805,5.18942,5.28244,25,0,4.17956,5.57139,25,2.59065,0.786306,5.1067,7.44933,3.87008,11.8777,6.6107,7.76037,6.44862,16.7465,7.97294,8.49972,2.41027,4.07981,3.35618,15.3479,7.12222,4.34382,6.05439,7.88141,12.3311,3.98099,4.27494,4.41863,7.31014,13.5262,0.970823,8.1858,0.653901,19.5709,3.4951,3.71476,7.71137,1.64245,7.55654,0,0,3.13371,6.45984,2.44612,25,25,5.35311,0
user94,8.51767,2.61049,4.85349,17.8333,5.4775,0.906805,5.5248,5.02695,25,4.19031,5.51798,4.72863,4.85583,14.1358,6.83663,7.4959,2.46244,2.27847,25,4.70198,4.38594,2.26776,4.74762,25,2.86141,7.66492,5.82268,5.91464,25,0,8.03318,4.60798,6.80647,25,2.9202,5.49618,4.48389,9.45147,25,5.10907,4.17629,0,2.64285,25,2.61775,0,3.34118,9.03128,25,3.14935,7.04842,5.08079,3.37483,19.5999,2.75146,4.80718,6.62973,2.80138,16.652,8.16862,4.06455,7.11784,1.27183,15.5389,1.43086,3.12263,3.39982,6.3798,23.5641,1.284,0.72222,7.93293,6.12617,25,5.99506,3.33651,3.01801,2.61398,25,6.71699,0.547332,4.89261,3.6741,25,5.08265,3.32338,5.14502,5.06683,25,0.916132,3.16646,4.95419,0,0,3.44185,2.80111,3.92695,6.29342,11.4263,3.28847,0
user95,3.30991,0.408936,0,2.28556,25,3.9552,3.7264,7.28381,5.59222,10.9298,8.73372,2.60656,3.79563,4.37987,16.806,7.70082,9.55254,0.636522,5.62375,12.0167,4.73799,7.34081,6.37323,2.32395,25,7.96415,5.23071,8.3937,0.482498,20.4061,0,9.61296,4.58267,5.30796,15.6212,5.50349,3.22519,4.70913,5.12594,25,5.19959,5.40824,6.85607,1.34215,25,5.97904,3.33762,5.71104,3.49001,16.0167,6.91611,5.16485,0,2.59904,25,1.134,5.38966,0.292276,11.5784,25,3.3907,3.4087,7.0087,4.58493,25,2.86,3.35582,4.61376,5.91027,21.6788,6.69854,5.28027,5.72574,3.28676,25,6.44435,4.40025,7.13941,4.98753,25,8.54609,2.46618,1.85318,6.4061,25,6.6007,2.35237,9.34474,8.95241,25,4.69196,4.23835,3.13371,3.44185,0,5.96501,8.46102,5.93484,3.92301,25,0
user96,25,9.37587,3.4285,8.57351,0.943326,11.9575,0.966553,5.7057,2.47504,3.65766,25,6.49239,0,20.7675,2.69454,7.86578,6.25403,0.0354595,1.54524,5.47096,25,0,4.74771,6.95056,5.75568,9.21279,5.91281,3.7628,7.08789,6.5915,24.5265,5.11309,2.21096,4.71982,4.8311,13.1007,1.63625,0.762554,1.70351,10.4072,25,5.7014,5.89964,5.42717,5.28252,10.5504,2.96356,5.34479,0,5.76544,25,7.58942,0.393378,25,5.59371,12.5343,6.01198,3.8106,21.0597,0,25,9.74391,4.74564,20.4735,4.7046,12.2818,0.367744,8.65043,3.98909,0.714245,15.2974,3.8886,2.4358,1.14798,5.11891,16.1215,3.26593,4.68331,5.91924,3.19428,20.3972,5.97393,0,1.43044,5.25461,10.94,2.20003,1.62794,7.28478,4.08579,14.6113,7.21657,6.45984,2.80111,5.96501,0,1.72582,5.86878,4.97809,2.89384,0
user97,4.40076,25,0.206559,0,5.16807,4.27015,1.79186,25,6.98438,6.67929,5.64914,25,0,2.07063,6.02356,4.7113,6.79073,25,5.84091,8.16146,3.00644,15.9577,1.43599,8.00877,1.87105,5.05667,5.97497,23.4024,5.71007,2.52987,4.72408,14.0068,7.48114,2.99916,7.72513,8.46696,6.41638,16.5611,6.78689,4.84577,6.73052,15.8683,3.37642,5.20247,6.83157,18.3459,8.85975,2.01483,7.67244,3.04529,4.4174,12.8214,9.58053,3.0187,5.27771,3.99979,5.29766,12.0678,9.01414,1.19193,8.44767,13.6608,4.13427,7.29659,3.9433,0,3.14064,16.0939,4.88338,1.4144,5.01121,25,3.34359,6.3194,7.71773,6.05039,25,5.58469,5.44263,0,8.18083,25,3.53422,1.29442,0.489344,3.51735,3.51872,25,1.11783,0.966066,3.31628,25,2.44612,3.92695,8.46102,1.72582,0,6.53419,5.17062,3.89693,0
user98,10.1096,2.05635,25,23.4569,3.88365,6.61601,22.7698,3.5351,7.23079,4.53921,5.77317,3.56956,25,6.81755,4.64288,6.76368,13.3187,5.46625,5.89167,3.59797,4.99403,8.07318,25,4.44609,5.29917,1.78903,14.8414,8.44635,7.3045,5.74283,6.59982,4.15301,9.36882,6.37536,4.97026,5.09409,12.3462,3.85497,7.59249,5.25634,2.7925,4.40499,25,7.25231,3.72619,5.10229,25,7.92073,1.46735,1.81345,4.19755,0,25,3.48743,8.57138,3.92465,25,4.50408,7.13545,7.07139,5.9824,0.968375,22.1396,3.11058,8.22538,7.94665,11.072,5.60904,2.97374,9.4796,4.15995,2.04368,17.8045,7.61056,6.20772,5.21852,2.11511,17.2035,4.5706,7.32076,5.85441,6.94592,16.6144,5.93009,7.02339,0.0750978,15.4223,6.75462,4.75885,4.08566,7.27605,5.23971,25,6.29342,5.93484,5.86878,6.53419,0,18.4348,7.32561,0
user99,8.15437,4.82311,21.066,25,7.16035,5.03053,24.2403,8.37704,12.5596,3.52257,5.16988,6.01391,15.54,13.9028,5.02947,1.00247,1.81316,3.56437,15.2344,2.58005,0.910888,2.97325,25,12.4472,5.29213,3.31675,0.696936,4.89464,16.401,5.16598,2.44588,4.70974,4.60436,15.2931,1.86095,0,0.983381,7.33354,18.7137,5.71082,2.62909,5.8457,22.3033,12.6177,3.37041,7.76186,22.7987,2.06524,16.2636,5.78538,6.3737,3.91954,16.4086,12.3083,2.12669,7.60726,22.9154,5.28172,22.3131,2.29672,6.63931,1.33166,3.64693,17.78,8.23707,7.24837,4.8133,3.95862,14.3503,5.81109,6.97558,6.82623,3.57716,14.3031,2.87627,1.15956,0.76869,4.44265,13.8271,0,0.158849,6.88375,6.28184,11.6892,10.9463,0,4.70203,12.4871,14.8402,3.30421,1.5758,5.1397,25,11.4263,3.92301,4.97809,5.17062,18.4348,0,2.92074,0
user100,5.55107,2.67988,0,9.50411,25,5.14078,6.41312,1.79749,7.00175,13.8608,6.0609,2.12199,6.52843,3.36408,14.3843,4.56747,5.22906,7.51778,5.69516,20.4537,3.74968,3.47268,6.42353,2.83889,25,1.42163,0.880939,5.67699,11.4604,15.4111,8.25085,3.81181,2.938,2.36244,24.8292,7.14909,0.781265,6.14162,3.45717,23.9202,3.8777,7.52568,2.96314,3.0885,25,5.51593,6.93315,4.48634,3.94361,14.9903,3.27268,3.1545,4.84399,4.86261,25,4.73803,2.62334,1.8684,1.04995,25,4.64181,5.13351,6.46161,6.3774,25,4.40356,4.6098,2.08263,4.1706,25,4.75611,4.64812,1.79086,6.47838,25,4.00286,4.66815,4.37733,3.68119,25,2.82732,2.98082,5.39308,4.25041,25,2.98765,1.19148,3.75338,6.40756,25,4.12999,2.67591,5.35311,3.28847,25,2.89384,3.89693,7.32561,2.92074,0,0
user123,0,0,0,0,0,0,0,0,0,0,0,0,0,0,0,0,0,0,0,0,20,0,0,0,0,0,0,0,0,0,20,0,0,0,0,0,0,0,0,0,0,0,0,0,0,0,0,0,0,0,0,0,0,0,0,0,0,0,0,0,0,0,0,0,0,0,0,0,0,0,0,0,0,0,0,0,0,0,0,0,0,0,0,0,0,0,0,0,0,0,0,0,0,0,0,0,0,0,0,0,0
